,has_bug,has_document,has_feature,has_improve,has_refactor,has_test,has_fix,has_error,has_update,title_length,body_length,created_hour,created_dayofweek,created_month,created_year,comments,commits,additions,deletions,changed_files,directories,language_types,file_types,lines_added,lines_deleted,segs_added,segs_deleted,segs_updated,files_added,files_deleted,files_updated,file_developer,change_num,files_modified,is_core_member,prev_PRs,title_words,body_words
0,0,0,0,0,0,0,1,0,0,31,129,13,6,6,2017,0,1,21,13,2,2,2,2,21,13,0,0,0,0,0,2,0,2,2,0,0,5,23
1,0,0,0,0,0,0,1,0,0,17,409,20,4,9,2017,2,1,57,13,1,1,1,1,57,13,0,0,0,0,0,1,0,1,1,0,0,2,54
2,0,0,0,0,0,1,1,0,0,20,10,13,3,6,2017,0,2,45,39,1,1,1,1,45,39,0,0,0,0,0,1,0,1,1,0,0,4,2
3,0,0,0,0,0,0,0,0,0,19,92,21,2,7,2017,10,1,23,3,2,2,2,2,23,3,0,0,0,0,0,2,0,2,2,0,0,3,16
4,0,0,0,0,0,0,0,0,0,47,2431,20,6,6,2017,0,5,190,73,3,1,3,3,190,73,0,0,0,0,0,3,0,3,3,0,0,6,318
5,0,0,0,0,0,0,0,0,0,21,303,21,2,6,2017,14,3,5,0,1,1,1,1,5,0,0,0,0,0,0,1,0,1,1,0,0,2,46
6,0,0,0,0,0,0,0,0,0,23,44,3,6,9,2017,1,1,53,2,3,2,3,3,53,2,0,0,0,0,0,3,0,3,3,0,0,4,8
7,0,0,0,0,0,0,0,0,0,40,0,1,1,8,2017,1,1,7,0,1,0,1,1,7,0,0,0,0,0,0,1,0,1,1,0,0,5,0
8,0,0,0,0,0,0,0,0,0,23,268,20,4,9,2017,7,4,38,4,3,2,3,3,38,4,0,0,0,0,0,3,0,3,3,0,0,3,46
9,0,0,0,0,0,0,0,0,0,23,185,21,5,9,2017,2,1,11,6,1,1,1,1,11,6,0,0,0,0,0,1,0,1,1,0,0,5,31
10,0,0,1,0,0,0,0,0,0,22,60,21,0,10,2017,3,9,264,11,5,2,5,5,264,11,0,0,0,0,0,5,0,5,5,0,0,3,11
11,0,0,0,0,0,1,1,0,0,34,716,14,2,10,2017,4,7,568,258,6,2,5,5,568,258,0,0,0,2,1,3,0,6,3,0,0,5,116
12,0,0,1,0,0,0,0,0,0,27,214,12,2,10,2017,1,1,104,78,4,1,2,2,104,78,0,0,0,2,0,2,0,4,2,0,0,3,34
13,0,0,0,0,0,0,0,0,0,24,49,21,6,10,2017,16,12,262,3,5,2,5,5,262,3,0,0,0,0,0,5,0,5,5,0,0,4,8
14,0,0,0,0,0,0,0,0,0,50,109,17,1,10,2017,4,1,2,1,1,1,1,1,2,1,0,0,0,0,0,1,0,1,1,0,0,9,21
15,0,0,0,0,0,0,0,0,0,28,0,21,2,10,2017,4,1,241,0,1,0,1,1,241,0,0,0,0,0,0,1,0,1,1,0,0,5,0
16,0,0,0,0,0,0,0,0,0,29,402,3,3,10,2017,15,1,113,73,1,1,1,1,113,73,0,0,0,0,0,1,0,1,1,0,0,4,58
17,0,0,0,0,0,1,1,0,0,24,305,15,4,10,2017,0,3,24,19,4,4,1,1,24,19,0,0,0,0,0,4,0,4,4,0,0,3,43
18,0,0,0,0,0,0,0,0,0,29,744,15,5,10,2017,11,1,353,22,20,7,3,2,353,22,0,0,0,2,1,17,0,20,17,0,0,5,120
19,0,0,0,0,0,0,0,0,1,32,54,19,5,10,2017,0,1,6,4,1,0,1,1,6,4,0,0,0,0,0,1,0,1,1,0,0,6,2
20,0,0,0,0,0,0,0,0,0,27,9,0,2,10,2017,5,1,32,4,4,2,1,1,32,4,0,0,0,0,0,4,0,4,4,0,0,3,2
21,0,0,0,0,0,0,0,0,1,16,0,20,6,10,2017,1,1,1,1,1,0,1,1,1,1,0,0,0,0,0,1,0,1,1,0,0,2,0
22,0,0,0,0,0,0,1,0,0,34,69,1,0,10,2017,3,2,6,6,4,2,2,2,6,6,0,0,0,0,0,4,0,4,4,0,0,7,12
23,0,0,0,0,1,0,1,0,0,15,280,6,1,10,2017,6,1,354,330,4,1,1,1,354,330,0,0,0,3,0,1,0,4,1,0,0,3,51
24,0,1,0,0,0,1,1,0,1,22,269,0,2,10,2017,11,1,172,3,8,2,3,3,172,3,0,0,0,1,0,7,0,8,7,0,0,4,51
25,0,0,0,0,0,0,1,0,0,46,513,21,2,10,2017,7,1,50,15,2,2,1,1,50,15,0,0,0,0,0,2,0,2,2,0,0,8,83
26,0,0,0,1,0,0,1,0,0,59,71,19,4,10,2017,1,1,40,6,5,2,3,3,40,6,0,0,0,0,0,5,0,5,5,0,0,9,11
27,0,0,0,0,0,0,0,0,0,38,70,17,2,10,2017,4,1,352,252,8,5,1,1,352,252,0,0,0,0,0,8,0,8,8,0,0,6,13
28,0,0,0,0,0,0,1,0,0,44,252,11,2,10,2017,4,2,33,2,3,2,1,1,33,2,0,0,0,0,0,3,0,3,3,0,0,7,43
29,0,0,0,0,0,0,0,0,0,54,442,18,2,10,2017,2,1,29,11,1,0,1,1,29,11,0,0,0,0,0,1,0,1,1,0,0,9,75
30,0,0,0,0,0,0,0,0,1,24,0,18,4,10,2017,3,1,38,48,2,0,2,2,38,48,0,0,0,0,0,2,0,2,2,0,0,4,0
31,0,0,0,0,1,0,1,0,0,68,172,1,5,10,2017,1,3,98,84,1,1,1,1,98,84,0,0,0,0,0,1,0,1,1,0,0,11,32
32,0,0,0,0,0,0,1,0,0,45,75,11,5,10,2017,27,2,122,55,5,3,1,1,122,55,0,0,0,0,0,5,0,5,5,0,0,8,15
33,0,0,0,0,0,0,0,0,0,26,73,15,5,10,2017,1,1,4,0,1,0,1,1,4,0,0,0,0,0,0,1,0,1,1,0,0,4,12
34,0,0,0,0,0,0,0,0,0,53,40,13,5,10,2017,1,1,1,0,1,1,1,1,1,0,0,0,0,0,0,1,0,1,1,0,0,9,7
35,0,0,0,0,0,0,0,0,0,33,38,19,5,10,2017,1,1,5,0,1,0,1,1,5,0,0,0,0,0,0,1,0,1,1,0,0,5,6
36,0,0,1,0,0,0,0,0,1,25,353,16,5,10,2017,40,9,666,66,13,2,5,5,666,66,0,0,0,5,0,8,0,13,8,0,0,4,58
37,1,0,0,0,0,0,1,0,0,37,248,7,6,10,2017,4,1,1,1,1,0,1,1,1,1,0,0,0,0,0,1,0,1,1,0,0,6,35
38,0,0,0,0,0,1,0,0,0,41,116,9,6,10,2017,0,1,22,21,1,0,1,1,22,21,0,0,0,0,0,1,0,1,1,0,0,6,23
39,0,0,0,0,0,0,0,0,1,41,57,20,6,10,2017,1,3,93,156,1,0,1,1,93,156,0,0,0,0,0,1,0,1,1,0,0,5,9
40,0,0,0,0,0,0,0,0,0,38,68,12,6,10,2017,3,1,96,57,1,1,1,1,96,57,0,0,0,0,0,1,0,1,1,0,0,7,12
41,0,0,0,0,0,0,0,0,0,28,39,13,1,10,2017,14,2,126,0,1,1,1,1,126,0,0,0,0,1,0,0,0,1,0,0,0,6,1
42,0,0,0,0,0,0,1,0,0,27,0,21,6,10,2017,4,9,112,126,9,5,1,1,112,126,0,0,0,0,0,9,0,9,9,0,0,5,0
43,0,0,0,0,0,0,0,0,0,16,96,21,2,10,2017,0,1,3,3,2,1,1,1,3,3,0,0,0,0,0,2,0,2,2,0,0,2,18
44,0,0,0,0,0,0,0,0,0,23,101,18,1,10,2017,25,10,59,6,4,1,3,3,59,6,0,0,0,0,0,4,0,4,4,0,0,3,16
45,0,0,0,0,0,0,1,0,0,9,65,15,1,10,2017,1,4,59,4,4,1,3,3,59,4,0,0,0,0,0,4,0,4,4,0,0,2,9
46,0,0,0,0,0,0,1,0,0,39,94,17,0,10,2017,3,2,2,1,1,0,1,1,2,1,0,0,0,0,0,1,0,1,1,0,0,6,13
47,0,0,0,0,0,0,0,0,0,16,96,22,2,10,2017,5,2,5,5,2,2,1,1,5,5,0,0,0,0,0,2,0,2,2,0,0,2,17
48,0,0,0,0,0,0,1,1,0,48,442,14,3,10,2017,8,2,81,27,1,0,1,1,81,27,0,0,0,0,0,1,0,1,1,0,0,8,61
49,0,0,0,0,0,1,0,0,0,37,51,23,3,10,2017,6,7,31,5,3,2,2,2,31,5,0,0,0,0,0,3,0,3,3,0,0,5,9
50,0,0,0,0,0,0,0,0,0,58,13,2,4,10,2017,6,2,85,0,6,3,3,3,85,0,0,0,0,3,0,3,0,6,3,0,0,8,2
51,0,0,0,0,0,1,1,0,0,16,64,5,5,10,2017,16,5,170,94,6,4,3,3,170,94,0,0,0,0,0,6,0,6,6,0,0,3,12
52,0,0,0,0,0,0,0,0,0,30,127,8,5,10,2017,2,1,353,22,20,7,3,2,353,22,0,0,0,2,1,17,0,20,17,0,0,3,22
53,0,0,0,0,0,0,0,0,1,54,114,20,4,10,2017,1,1,2,4,1,0,1,1,2,4,0,0,0,0,0,1,0,1,1,0,0,9,21
54,0,0,0,0,0,0,0,0,0,18,196,19,4,10,2017,6,1,262,139,3,1,1,1,262,139,0,0,0,1,1,1,0,3,1,0,0,3,31
55,0,0,0,0,0,0,0,0,0,25,66,11,5,10,2017,2,1,33,26,1,1,1,1,33,26,0,0,0,0,0,1,0,1,1,0,0,5,11
56,0,0,0,0,0,0,1,0,1,50,8,20,5,10,2017,1,1,6,2,1,0,1,1,6,2,0,0,0,0,0,1,0,1,1,0,0,8,2
57,0,0,0,0,0,0,1,0,1,33,80,9,6,10,2017,0,1,26,21,10,3,4,4,26,21,0,0,0,0,0,10,0,10,10,0,0,5,14
58,0,0,0,0,0,0,0,0,0,13,54,17,6,10,2017,4,9,33,7,4,3,2,2,33,7,0,0,0,0,0,4,0,4,4,0,0,2,11
59,0,0,0,0,0,1,0,0,0,32,378,21,6,10,2017,3,1,92,11,5,2,1,1,92,11,0,0,0,0,0,5,0,5,5,0,0,4,53
60,0,0,0,0,0,0,1,0,0,48,780,11,0,10,2017,2,1,79,0,2,1,2,2,79,0,0,0,0,1,0,1,0,2,1,0,0,9,57
61,0,0,0,0,0,0,1,0,0,40,0,15,0,10,2017,1,1,3,3,1,1,1,1,3,3,0,0,0,0,0,1,0,1,1,0,0,8,0
62,0,0,0,0,0,0,1,0,0,39,85,21,1,10,2017,1,1,1,1,1,1,1,1,1,1,0,0,0,0,0,1,0,1,1,0,0,6,7
63,0,0,0,0,0,0,0,0,0,34,8,19,2,10,2017,0,1,6,4,1,1,1,1,6,4,0,0,0,0,0,1,0,1,1,0,0,5,2
64,0,0,0,0,0,0,1,0,0,24,62,14,1,10,2017,1,2,60,36,7,2,3,3,60,36,0,0,0,1,0,6,0,7,6,0,0,4,10
65,0,0,0,0,0,0,0,0,0,24,120,0,4,11,2017,18,8,329,448,13,4,5,5,329,448,0,0,0,1,1,11,0,13,11,0,0,4,20
66,0,0,0,0,0,0,0,0,0,31,36,19,4,11,2017,0,1,1,6,1,1,1,1,1,6,0,0,0,0,0,1,0,1,1,0,0,3,6
67,0,0,0,0,0,0,0,0,0,32,84,2,2,11,2017,3,1,2,0,1,0,1,1,2,0,0,0,0,0,0,1,0,1,1,0,0,4,15
68,0,0,0,0,0,0,0,0,0,51,0,15,3,11,2017,1,1,7,0,1,0,1,1,7,0,0,0,0,0,0,1,0,1,1,0,0,9,0
69,0,0,0,0,0,0,0,0,0,48,42,20,2,11,2017,1,1,5,0,1,0,1,1,5,0,0,0,0,0,0,1,0,1,1,0,0,8,9
70,0,0,0,0,0,0,0,0,0,37,0,17,0,11,2017,4,2,33,19,2,0,2,2,33,19,0,0,0,0,0,2,0,2,2,0,0,7,0
71,0,0,0,0,0,0,1,0,0,48,107,16,0,11,2017,1,1,21,0,3,0,3,3,21,0,0,0,0,0,0,3,0,3,3,0,0,8,9
72,0,0,0,0,0,0,0,0,0,26,52,21,1,11,2017,2,1,46,8,7,4,2,2,46,8,0,0,0,0,0,7,0,7,7,0,0,3,8
73,0,0,0,0,0,0,0,0,0,22,382,5,2,11,2017,1,5,45,2,1,1,1,1,45,2,0,0,0,0,0,1,0,1,1,0,0,3,67
74,0,0,0,1,1,0,0,0,0,60,268,3,2,11,2017,5,1,1,2,1,1,1,1,1,2,0,0,0,0,0,1,0,1,1,0,0,7,49
75,0,0,0,0,1,1,0,0,0,25,899,6,2,11,2017,19,17,115,82,7,3,2,2,115,82,0,0,0,0,0,7,0,7,7,0,0,4,144
76,0,0,0,0,0,0,0,0,0,21,57,22,3,11,2017,6,1,19,6,2,0,2,2,19,6,0,0,0,0,0,2,0,2,2,0,0,4,4
77,0,0,0,0,0,0,0,0,1,62,279,22,5,12,2017,1,1,2,2,1,0,1,1,2,2,0,0,0,0,0,1,0,1,1,0,0,11,43
78,0,0,0,0,0,0,1,0,0,44,78,21,6,12,2017,5,2,29,9,3,3,1,1,29,9,0,0,0,0,0,3,0,3,3,0,0,9,8
79,1,0,1,0,0,0,1,0,0,38,882,2,5,12,2017,7,1,3,73,1,1,1,1,3,73,0,0,0,0,0,1,0,1,1,0,0,4,133
80,0,0,0,0,0,0,0,0,0,3,187,8,1,12,2017,2,2,71,1,2,1,2,2,71,1,0,0,0,0,0,2,0,2,2,0,0,1,32
81,0,0,0,0,0,0,1,0,0,32,11,3,0,12,2017,1,1,1,1,1,1,1,1,1,1,0,0,0,0,0,1,0,1,1,0,0,5,2
82,0,0,0,0,0,0,0,0,0,23,53,2,3,12,2017,0,2,10,10,2,1,2,2,10,10,0,0,0,0,0,2,0,2,2,0,0,4,10
83,0,0,0,0,0,0,0,0,0,64,303,5,5,12,2017,4,4,62,34,5,2,1,1,62,34,0,0,0,0,0,5,0,5,5,0,0,9,53
84,0,0,0,0,0,0,0,0,0,18,92,18,6,12,2017,2,5,26,23,2,1,2,2,26,23,0,0,0,0,0,2,0,2,2,0,0,3,18
85,0,0,1,0,0,1,0,0,1,27,359,14,5,12,2017,3,2,78,64,4,1,3,3,78,64,0,0,0,0,0,4,0,4,4,0,0,3,57
86,0,0,0,0,0,0,0,0,0,27,232,14,0,1,2018,0,1,102,146,13,6,2,2,102,146,0,0,0,0,0,13,0,13,13,0,0,4,35
87,0,0,0,0,0,0,0,1,1,25,290,16,5,12,2017,1,1,49,55,3,1,3,3,49,55,0,0,0,0,0,3,0,3,3,0,0,3,33
88,0,0,0,0,0,0,1,0,0,43,119,20,1,1,2018,1,1,3,3,1,1,1,1,3,3,0,0,0,0,0,1,0,1,1,0,0,6,22
89,0,0,0,0,0,0,0,0,0,36,11,9,2,1,2018,0,1,8,3,2,1,1,1,8,3,0,0,0,0,0,2,0,2,2,0,0,5,2
90,0,0,0,0,0,0,0,0,0,63,158,4,2,1,2018,2,3,25,9,4,1,1,1,25,9,0,0,0,1,0,3,0,4,3,0,0,11,27
91,0,0,0,0,0,1,1,0,0,63,478,23,0,1,2018,38,2,39,10,4,2,1,1,39,10,0,0,0,0,0,4,0,4,4,0,0,8,87
92,0,0,0,0,0,0,1,0,0,9,70,10,2,1,2018,2,1,2,2,1,0,1,1,2,2,0,0,0,0,0,1,0,1,1,0,0,2,11
93,0,0,0,0,0,0,0,0,0,18,467,19,5,1,2018,8,14,58,1,3,0,3,3,58,1,0,0,0,2,0,1,0,3,1,0,0,3,49
94,0,0,0,0,0,0,1,0,0,54,5,18,2,1,2018,0,1,1,1,1,1,1,1,1,1,0,0,0,0,0,1,0,1,1,0,0,9,1
95,0,0,0,0,0,0,0,0,0,30,380,23,5,1,2018,23,8,152,18,4,2,1,1,152,18,0,0,0,0,0,4,0,4,4,0,0,6,73
96,0,0,0,0,0,0,0,0,1,24,0,12,6,1,2018,0,1,3,58,5,1,3,3,3,58,0,0,0,2,2,1,0,5,1,0,0,3,0
97,0,0,0,0,0,0,0,0,1,24,0,13,6,1,2018,7,1,62,58,5,1,3,3,62,58,0,0,0,2,2,1,0,5,1,0,0,3,0
98,1,0,0,0,0,0,0,0,0,49,180,14,1,2,2018,1,1,1,1,1,0,1,1,1,1,0,0,0,0,0,1,0,1,1,0,0,7,31
99,0,0,0,0,0,0,0,0,1,16,75,13,4,2,2018,1,1,1,1,1,0,1,1,1,1,0,0,0,0,0,1,0,1,1,0,0,2,11
100,0,0,0,0,0,0,1,0,0,38,12,14,5,2,2018,0,1,53,3,5,3,3,3,53,3,0,0,0,0,0,5,0,5,5,0,0,2,2
101,0,0,0,0,0,0,0,0,1,19,202,3,2,2,2018,6,3,27,56,3,0,3,3,27,56,0,0,0,0,0,3,0,3,3,0,0,2,35
102,0,0,0,0,0,1,1,1,0,54,587,17,6,2,2018,7,2,7,1,1,1,1,1,7,1,0,0,0,0,0,1,0,1,1,0,0,7,97
103,0,0,0,0,0,0,0,0,0,31,100,20,2,2,2018,2,2,180,122,8,4,4,4,180,122,0,0,0,0,0,8,0,8,8,0,0,5,15
104,0,1,0,0,0,0,0,0,0,48,0,0,0,2,2018,1,1,6,0,1,0,1,1,6,0,0,0,0,0,0,1,0,1,1,0,0,8,0
105,0,0,0,0,0,0,0,0,0,37,0,5,4,2,2018,1,1,5,0,1,0,1,1,5,0,0,0,0,0,0,1,0,1,1,0,0,6,0
106,0,0,0,0,0,0,1,0,0,30,0,16,5,2,2018,0,1,15,1,1,1,1,1,15,1,0,0,0,0,0,1,0,1,1,0,0,4,0
107,0,0,0,1,0,0,0,0,0,24,120,10,6,2,2018,0,2,46,40,3,1,1,1,46,40,0,0,0,0,0,3,0,3,3,0,0,2,21
108,0,0,0,0,0,0,0,0,0,38,218,19,6,2,2018,0,1,41,11,2,2,1,1,41,11,0,0,0,0,0,2,0,2,2,0,0,4,19
109,0,0,0,0,0,1,0,0,0,27,77,22,6,2,2018,0,2,26,0,2,2,1,1,26,0,0,0,0,0,0,2,0,2,2,0,0,4,15
110,0,0,0,0,0,0,0,0,1,26,133,5,3,3,2018,4,1,37,22,3,1,3,3,37,22,0,0,0,0,0,3,0,3,3,0,0,4,23
111,0,0,0,0,0,0,0,0,0,17,106,16,6,3,2018,3,3,7,0,1,0,1,1,7,0,0,0,0,0,0,1,0,1,1,0,0,4,11
112,0,0,0,0,0,0,0,0,1,24,0,21,0,3,2018,0,1,35,80,4,1,3,3,35,80,0,0,0,0,1,3,0,4,3,0,0,4,0
113,0,0,0,0,0,0,0,0,0,47,12,19,3,3,2018,0,1,5,0,1,1,1,1,5,0,0,0,0,0,0,1,0,1,1,0,0,8,2
114,0,0,0,0,0,0,1,0,0,35,77,2,4,3,2018,0,1,5,0,1,0,1,1,5,0,0,0,0,0,0,1,0,1,1,0,0,4,11
115,0,0,0,0,0,0,0,0,0,10,32,10,6,3,2018,0,3,24,4,5,1,1,1,24,4,0,0,0,0,0,5,0,5,5,0,0,1,5
116,0,0,0,0,0,0,1,1,0,59,11,22,2,3,2018,0,2,17,1,1,1,1,1,17,1,0,0,0,0,0,1,0,1,1,0,0,10,2
117,0,0,0,0,0,0,1,0,0,36,0,17,6,3,2018,0,10,57,14,2,2,1,1,57,14,0,0,0,0,0,2,0,2,2,0,0,5,0
118,0,0,0,0,0,1,0,0,0,33,88,15,6,3,2018,0,2,44,17,4,2,1,1,44,17,0,0,0,0,0,4,0,4,4,0,0,5,14
119,0,0,0,0,0,0,0,0,0,25,12,22,6,3,2018,0,1,58,3,5,2,1,1,58,3,0,0,0,0,0,5,0,5,5,0,0,2,2
120,0,0,0,0,0,0,0,0,0,34,49,17,5,3,2018,1,1,7,0,1,0,1,1,7,0,0,0,0,0,0,1,0,1,1,0,0,4,7
121,0,0,0,0,0,0,0,0,0,43,170,14,3,4,2018,2,3,40,28,13,5,2,2,40,28,0,0,0,0,0,13,0,13,13,0,0,9,22
122,0,0,0,0,0,0,0,0,0,17,0,9,5,4,2018,0,1,2,2,1,0,1,1,2,2,0,0,0,0,0,1,0,1,1,0,0,2,0
123,0,0,0,0,0,1,1,0,0,33,442,0,0,4,2018,19,4,284,6,4,1,1,1,284,6,0,0,0,0,0,4,0,4,4,0,0,5,74
124,0,0,0,0,0,0,0,0,0,42,167,6,2,4,2018,2,1,14,8,1,1,1,1,14,8,0,0,0,0,0,1,0,1,1,0,0,7,23
125,0,0,0,0,0,0,0,0,0,45,0,17,3,4,2018,1,1,5,0,1,0,1,1,5,0,0,0,0,0,0,1,0,1,1,0,0,6,0
126,0,0,0,0,0,0,0,0,1,22,0,16,0,5,2018,0,1,22,13,7,3,2,2,22,13,0,0,0,0,0,7,0,7,7,0,0,4,0
127,0,0,0,0,0,1,0,0,1,59,303,15,4,5,2018,4,1,77,56,2,0,2,2,77,56,0,0,0,0,0,2,0,2,2,0,0,7,50
128,0,0,0,0,0,1,1,0,0,54,119,16,6,4,2018,2,3,103,0,1,1,1,1,103,0,0,0,0,0,0,1,0,1,1,0,0,7,21
129,0,0,0,0,0,1,1,0,0,23,306,1,6,7,2018,14,8,248,99,6,4,1,1,248,99,0,0,0,1,0,5,0,6,5,0,0,4,52
130,0,0,0,0,0,0,1,0,1,29,0,15,0,7,2018,1,2,112,151,4,2,2,2,112,151,0,0,0,0,0,4,0,4,4,0,0,4,0
131,0,0,0,0,0,1,0,0,0,56,78,0,6,7,2018,1,2,101,105,1,1,1,1,101,105,0,0,0,0,0,1,0,1,1,0,0,9,13
132,0,0,0,0,0,0,0,0,0,34,154,20,3,8,2018,1,1,21,24,2,0,2,2,21,24,0,0,0,0,0,2,0,2,2,0,0,4,20
133,0,0,0,0,0,0,0,0,0,18,433,15,6,8,2018,0,1,68,3,7,4,2,2,68,3,0,0,0,0,0,7,0,7,7,0,0,3,67
134,1,0,0,0,0,0,1,0,0,48,213,20,0,9,2018,0,1,9,10,3,0,3,3,9,10,0,0,0,0,0,3,0,3,3,0,0,8,33
135,0,0,0,0,0,0,0,0,0,41,5,13,3,9,2018,9,2,170,4,7,2,3,3,170,4,0,0,0,0,0,7,0,7,7,0,0,5,1
136,0,0,0,0,0,0,0,0,0,50,164,16,3,9,2018,2,2,10,0,2,1,1,1,10,0,0,0,0,0,0,2,0,2,2,0,0,7,28
137,0,0,0,0,0,1,0,0,1,44,387,8,2,10,2018,1,1,301,252,4,3,1,1,301,252,0,0,0,0,0,4,0,4,4,0,0,7,64
138,0,0,0,0,0,0,1,1,0,21,229,20,6,9,2018,2,4,72,40,4,2,1,1,72,40,0,0,0,0,0,4,0,4,4,0,0,3,36
139,0,0,0,0,0,0,0,0,0,31,343,9,2,10,2018,1,2,21,15,5,1,1,1,21,15,0,0,0,0,0,5,0,5,5,0,0,6,53
140,0,0,0,0,0,0,1,0,0,47,11,21,0,10,2018,0,1,1,1,1,1,1,1,1,1,0,0,0,0,0,1,0,1,1,0,0,6,2
141,0,0,0,0,0,0,0,1,0,43,306,14,2,10,2018,6,1,45,39,5,2,1,1,45,39,0,0,0,0,0,5,0,5,5,0,0,6,44
142,0,0,0,1,0,0,0,0,0,36,161,14,2,10,2018,0,1,13,27,3,3,1,1,13,27,0,0,0,0,0,3,0,3,3,0,0,5,29
143,0,0,0,0,0,0,0,0,0,30,392,7,2,10,2018,4,1,518,503,8,2,1,1,518,503,0,0,0,4,1,3,0,8,3,0,0,4,59
144,0,0,0,0,0,0,0,0,0,70,706,11,1,10,2018,16,2,255,2,7,2,3,3,255,2,0,0,0,0,0,7,0,7,7,0,0,9,109
145,0,0,0,0,0,0,0,0,0,49,432,7,4,10,2018,1,1,593,572,10,3,1,1,593,572,0,0,0,6,1,3,0,10,3,0,0,7,65
146,0,0,0,0,0,1,0,0,0,39,137,6,5,10,2018,4,1,52,57,1,1,1,1,52,57,0,0,0,0,0,1,0,1,1,0,0,6,24
147,0,0,0,0,0,0,0,0,0,30,43,10,6,10,2018,8,2,9,0,1,0,1,1,9,0,0,0,0,0,0,1,0,1,1,0,0,6,8
148,0,0,0,1,0,0,0,0,0,47,896,15,4,10,2018,2,1,4,0,1,0,1,1,4,0,0,0,0,0,0,1,0,1,1,0,0,6,126
149,0,0,0,0,0,0,0,0,0,28,4,7,3,10,2018,1,5,36,54,3,2,2,2,36,54,0,0,0,0,0,3,0,3,3,0,0,5,1
150,0,0,0,0,0,0,0,1,0,38,71,12,0,10,2018,6,1,19,3,5,3,1,1,19,3,0,0,0,0,0,5,0,5,5,0,0,6,11
151,0,0,0,0,0,0,1,0,0,42,19,23,0,10,2018,0,1,1,1,1,1,1,1,1,1,0,0,0,0,0,1,0,1,1,0,0,6,4
152,0,0,0,0,0,0,1,0,0,24,583,18,5,10,2018,0,1,16,1,2,1,1,1,16,1,0,0,0,0,0,2,0,2,2,0,0,3,88
153,0,0,0,0,0,0,0,0,0,57,126,12,5,11,2018,3,1,8,3,4,1,2,2,8,3,0,0,0,0,0,4,0,4,4,0,0,6,23
154,0,0,0,0,0,1,0,0,0,44,147,20,4,11,2018,0,1,17,0,1,1,1,1,17,0,0,0,0,0,0,1,0,1,1,0,0,8,26
155,0,0,0,0,0,0,0,0,0,42,99,17,6,11,2018,29,2,306,43,8,4,1,1,306,43,0,0,0,0,0,8,0,8,8,0,0,7,16
156,0,0,1,0,0,0,0,0,0,21,1192,15,0,11,2018,13,2,29,0,1,1,1,1,29,0,0,0,0,1,0,0,0,1,0,0,0,3,160
157,0,0,0,0,1,0,0,0,0,30,48,18,2,11,2018,0,1,1,1,1,1,1,1,1,1,0,0,0,0,0,1,0,1,1,0,0,4,10
158,0,0,0,0,0,1,1,0,0,57,330,10,1,11,2018,9,4,346,89,6,4,3,3,346,89,0,0,0,0,0,6,0,6,6,0,0,9,52
159,0,0,0,1,0,0,0,0,0,18,308,13,6,12,2018,0,4,331,392,8,2,5,5,331,392,0,0,0,0,1,7,0,8,7,0,0,3,41
160,0,0,0,0,0,0,0,0,1,33,0,11,6,12,2018,3,1,3,1,1,0,1,1,3,1,0,0,0,0,0,1,0,1,1,0,0,6,0
161,0,0,0,0,0,0,0,0,0,11,0,22,1,1,2019,0,1,32,16,2,1,1,1,32,16,0,0,0,0,0,2,0,2,2,0,0,2,0
162,0,0,0,0,0,0,1,0,0,39,145,21,5,12,2018,2,1,14,4,1,0,1,1,14,4,0,0,0,0,0,1,0,1,1,0,0,8,22
163,0,0,0,0,0,0,0,0,0,15,265,20,5,1,2019,1,3,18,43,12,6,2,2,18,43,0,0,0,0,0,12,0,12,12,0,0,2,47
164,0,0,0,0,0,0,0,0,0,59,91,8,2,1,2019,7,1,13,0,2,1,1,1,13,0,0,0,0,0,0,2,0,2,2,0,0,9,17
165,0,1,0,0,0,0,0,0,1,21,0,21,2,1,2019,0,2,38,0,1,0,1,1,38,0,0,0,0,0,0,1,0,1,1,0,0,2,0
166,0,0,0,0,1,0,0,0,0,25,186,0,5,1,2019,5,6,95,125,6,3,1,1,95,125,0,0,0,0,0,6,0,6,6,0,0,4,31
167,0,0,0,0,0,0,0,0,0,45,66,22,1,1,2019,1,1,4,10,3,2,1,1,4,10,0,0,0,0,0,3,0,3,3,0,0,8,12
168,0,0,0,0,0,1,0,0,0,13,934,22,1,1,2019,5,4,91,7,2,2,1,1,91,7,0,0,0,1,0,1,0,2,1,0,0,2,150
169,0,0,0,0,0,0,0,0,1,35,255,2,2,2,2019,1,1,2,2,1,0,1,1,2,2,0,0,0,0,0,1,0,1,1,0,0,4,39
170,0,1,0,0,0,0,1,0,0,52,0,23,0,2,2019,1,1,1,1,1,1,1,1,1,1,0,0,0,0,0,1,0,1,1,0,0,8,0
171,0,0,0,0,0,0,1,0,0,34,67,20,5,3,2019,3,2,45,1,1,1,1,1,45,1,0,0,0,0,0,1,0,1,1,0,0,6,6
172,0,0,0,0,0,0,0,0,0,38,318,0,5,3,2019,0,1,5,5,4,4,1,1,5,5,0,0,0,0,0,4,0,4,4,0,0,3,28
173,0,0,0,0,0,0,0,0,0,30,170,15,1,3,2019,1,1,8,0,1,0,1,1,8,0,0,0,0,0,0,1,0,1,1,0,0,4,35
174,0,0,1,0,0,1,0,0,0,26,805,22,2,4,2019,16,8,46,2,5,3,1,1,46,2,0,0,0,0,0,5,0,5,5,0,0,3,115
175,0,0,0,0,0,0,0,1,0,73,2435,2,4,4,2019,3,1,36,32,1,1,1,1,36,32,0,0,0,0,0,1,0,1,1,0,0,11,334
176,0,0,0,0,0,0,0,0,0,31,2,14,2,5,2019,3,3,13,5,1,0,1,1,13,5,0,0,0,0,0,1,0,1,1,0,0,5,1
177,0,0,0,0,0,0,0,0,0,42,13,23,0,6,2019,1,1,8,0,1,0,1,1,8,0,0,0,0,0,0,1,0,1,1,0,0,5,2
178,0,0,0,0,0,0,0,0,0,13,178,11,0,6,2019,10,2,5,0,2,1,2,2,5,0,0,0,0,0,0,2,0,2,2,0,0,3,33
179,0,0,0,0,0,0,0,0,0,67,19,4,1,6,2019,4,1,3,1,2,1,2,2,3,1,0,0,0,0,0,2,0,2,2,0,0,12,4
180,0,0,0,0,0,1,1,0,0,24,129,5,6,6,2019,4,1,4,0,1,1,1,1,4,0,0,0,0,0,0,1,0,1,1,0,0,5,26
181,0,0,0,0,0,0,0,0,1,28,294,0,4,6,2019,1,1,9,0,1,0,1,1,9,0,0,0,0,0,0,1,0,1,1,0,0,4,51
182,0,0,0,0,0,0,0,0,0,28,0,12,0,8,2019,2,1,1,0,1,0,1,1,1,0,0,0,0,0,0,1,0,1,1,0,0,5,0
183,0,0,0,0,0,0,0,0,0,26,84,4,0,6,2019,1,3,9,1,2,1,2,2,9,1,0,0,0,0,0,2,0,2,2,0,0,5,15
184,0,0,0,0,0,0,0,0,0,44,11,20,4,9,2019,0,1,44,11,7,2,2,2,44,11,0,0,0,0,0,7,0,7,7,0,0,6,2
185,0,0,0,0,0,1,0,0,0,17,31,12,6,9,2019,0,5,162,21,8,3,3,3,162,21,0,0,0,0,0,8,0,8,8,0,0,2,6
186,0,0,0,0,0,0,0,0,0,49,11,14,6,9,2019,0,1,6,8,1,1,1,1,6,8,0,0,0,0,0,1,0,1,1,0,0,5,2
187,0,0,0,0,0,0,0,0,0,40,12,9,6,9,2019,0,3,152,176,2,1,2,2,152,176,0,0,0,0,0,2,0,2,2,0,0,4,2
188,0,0,0,0,0,0,0,0,0,12,789,15,6,9,2019,8,5,8,0,2,1,2,2,8,0,0,0,0,0,0,2,0,2,2,0,0,2,138
189,0,0,0,0,0,0,1,0,0,25,62,13,0,9,2019,1,3,7,3,2,2,2,2,7,3,0,0,0,0,0,2,0,2,2,0,0,5,10
190,0,0,0,0,0,0,0,0,0,67,3287,20,3,9,2019,2,1,25,40,4,2,3,3,25,40,0,0,0,0,0,4,0,4,4,0,0,8,517
191,0,0,0,0,0,0,0,0,1,15,149,10,1,10,2019,6,2,10,0,1,1,1,1,10,0,0,0,0,0,0,1,0,1,1,0,0,3,25
192,0,0,0,0,0,0,0,0,0,16,25,4,1,10,2019,1,4,135,14,2,2,2,2,135,14,0,0,0,0,0,2,0,2,2,0,0,2,2
193,0,0,0,0,0,0,1,0,0,20,62,12,1,10,2019,1,2,51,13,1,1,1,1,51,13,0,0,0,0,0,1,0,1,1,0,0,3,7
194,0,0,0,0,0,0,0,0,0,40,404,15,4,10,2019,1,1,10,0,1,0,1,1,10,0,0,0,0,0,0,1,0,1,1,0,0,6,64
195,0,0,0,0,0,0,0,0,0,44,266,14,2,10,2019,15,10,111,10,4,4,1,1,111,10,0,0,0,0,0,4,0,4,4,0,0,7,47
196,0,0,0,0,0,0,0,0,0,53,126,10,2,11,2019,20,1,80,0,3,2,1,1,80,0,0,0,0,0,0,3,0,3,3,0,0,9,14
197,0,0,1,0,0,0,0,0,0,43,305,1,4,11,2019,13,12,87,15,6,3,2,2,87,15,0,0,0,0,0,6,0,6,6,0,0,9,57
198,0,0,0,0,0,0,0,0,0,35,104,0,0,11,2019,1,1,0,8,1,0,1,1,0,8,0,0,0,0,0,1,0,1,1,0,0,4,18
199,0,0,0,0,0,0,1,0,0,39,21,14,5,12,2019,6,1,4,0,1,0,1,1,4,0,0,0,0,0,0,1,0,1,1,0,0,5,4
200,0,0,0,0,0,0,0,0,0,82,543,15,5,11,2019,13,4,47,4,1,1,1,1,47,4,0,0,0,0,0,1,0,1,1,0,0,15,55
201,0,0,0,0,0,0,0,0,0,49,0,20,4,12,2019,0,1,6,4,1,1,1,1,6,4,0,0,0,0,0,1,0,1,1,0,0,7,0
202,0,0,0,0,0,0,1,0,0,53,0,4,3,12,2019,1,1,2,2,1,1,1,1,2,2,0,0,0,0,0,1,0,1,1,0,0,8,0
203,0,0,0,0,0,0,0,0,0,40,602,16,3,1,2020,1,1,4,2,1,1,1,1,4,2,0,0,0,0,0,1,0,1,1,0,0,7,88
204,0,0,0,0,0,0,1,0,0,11,95,15,6,1,2020,1,1,26,21,2,0,2,1,26,21,0,0,0,0,0,2,0,2,2,0,0,2,17
205,0,0,0,0,0,0,0,0,0,49,522,16,5,1,2020,13,8,58,10,4,2,1,1,58,10,0,0,0,0,0,4,0,4,4,0,0,10,58
206,0,0,0,0,0,0,1,0,0,25,27,21,4,3,2020,1,1,1,1,1,0,1,1,1,1,0,0,0,0,0,1,0,1,1,0,0,4,6
207,0,0,0,0,0,0,0,0,0,45,67,5,6,3,2020,2,2,3,0,1,1,1,1,3,0,0,0,0,0,0,1,0,1,1,0,0,7,10
208,0,0,0,0,0,1,0,0,0,26,133,0,4,3,2020,34,3,101,7,5,3,1,1,101,7,0,0,0,0,0,5,0,5,5,0,0,4,23
209,0,0,0,0,0,0,0,0,0,26,14,20,3,3,2020,0,1,3,1,2,1,2,2,3,1,0,0,0,0,0,2,0,2,2,0,0,5,2
210,0,0,0,0,0,0,0,0,1,26,11,9,2,4,2020,0,1,4,4,2,0,2,2,4,4,0,0,0,0,0,2,0,2,2,0,0,3,2
211,0,0,0,0,0,0,0,0,0,19,408,15,2,4,2020,1,1,1,0,1,0,1,1,1,0,0,0,0,0,0,1,0,1,1,0,0,4,76
212,0,0,0,1,0,0,0,0,0,32,1651,16,3,4,2020,0,2,81,8,8,5,3,3,81,8,0,0,0,0,0,8,0,8,8,0,0,3,269
213,0,0,0,0,0,0,0,0,0,32,1048,19,3,4,2020,12,2,50,4,4,2,3,3,50,4,0,0,0,0,0,4,0,4,4,0,0,3,120
214,0,0,0,0,0,1,1,0,0,27,1052,10,5,4,2020,0,7,170,111,8,4,1,1,170,111,0,0,0,0,0,8,0,8,8,0,0,4,156
215,0,0,0,0,0,0,0,1,0,18,123,10,4,4,2020,0,21,328,436,20,6,3,3,328,436,0,0,0,2,1,17,0,20,17,0,0,3,19
216,0,0,0,0,0,0,0,0,0,37,107,16,3,4,2020,7,1,24,6,5,3,3,3,24,6,0,0,0,0,0,5,0,5,5,0,0,6,21
217,0,0,0,0,0,1,0,0,0,75,359,9,5,4,2020,3,9,176,4,7,3,1,1,176,4,0,0,0,1,0,6,0,7,6,0,0,12,60
218,0,0,0,0,0,0,0,0,0,45,344,13,2,4,2020,0,1,23,3,3,2,2,2,23,3,0,0,0,0,0,3,0,3,3,0,0,8,51
219,0,0,0,0,0,0,0,0,0,31,12,16,2,4,2020,0,2,8,1,2,1,2,2,8,1,0,0,0,0,0,2,0,2,2,0,0,5,2
220,0,0,0,0,0,0,0,0,0,33,144,14,2,4,2020,0,1,96,3,7,3,3,3,96,3,0,0,0,0,0,7,0,7,7,0,0,4,21
221,0,0,0,0,0,0,0,0,0,47,12,18,2,4,2020,1,5,74,7,2,2,1,1,74,7,0,0,0,0,0,2,0,2,2,0,0,6,2
222,0,0,0,0,0,0,0,0,0,49,124,7,3,4,2020,0,1,49,8,7,2,3,3,49,8,0,0,0,0,0,7,0,7,7,0,0,8,3
223,0,0,0,0,0,0,1,0,0,29,0,17,3,4,2020,9,2,7,6,1,1,1,1,7,6,0,0,0,0,0,1,0,1,1,0,0,4,0
224,0,0,0,0,0,0,1,0,1,38,191,19,6,4,2020,3,1,29,14,2,2,1,1,29,14,0,0,0,0,0,2,0,2,2,0,0,6,30
225,0,0,0,0,0,0,1,0,0,33,0,9,4,5,2020,0,1,22,28,5,3,1,1,22,28,0,0,0,0,0,5,0,5,5,0,0,6,0
226,0,0,0,0,0,1,0,0,0,52,590,14,4,5,2020,11,8,203,1,10,3,5,5,203,1,0,0,0,1,0,9,0,10,9,0,0,9,79
227,0,0,0,0,0,0,0,0,0,28,244,22,6,5,2020,6,2,71,10,3,2,1,1,71,10,0,0,0,0,0,3,0,3,3,0,0,4,40
228,0,0,0,0,0,0,1,0,0,32,669,21,1,5,2020,1,1,1,1,1,1,1,1,1,1,0,0,0,0,0,1,0,1,1,0,0,4,84
229,0,0,0,0,0,1,0,0,0,27,616,7,2,4,2020,7,1,60,7,8,3,4,4,60,7,0,0,0,0,0,8,0,8,8,0,0,4,93
230,0,0,0,0,0,0,0,0,0,25,95,4,2,5,2020,1,1,23,0,1,0,1,1,23,0,0,0,0,0,0,1,0,1,1,0,0,5,5
231,0,0,0,0,0,1,0,1,0,61,337,11,2,5,2020,4,12,99,32,4,3,2,2,99,32,0,0,0,0,0,4,0,4,4,0,0,12,59
232,0,0,0,0,0,0,0,0,0,19,10,10,6,5,2020,2,1,1,1,1,0,1,1,1,1,0,0,0,0,0,1,0,1,1,0,0,3,3
233,0,0,0,0,0,1,0,0,0,26,242,14,1,5,2020,1,2,7,2,3,1,3,3,7,2,0,0,0,0,0,3,0,3,3,0,0,4,41
234,0,0,0,0,0,0,0,0,0,41,28,14,1,5,2020,0,2,2,1,2,1,2,2,2,1,0,0,0,0,0,2,0,2,2,0,0,6,4
235,0,0,0,0,0,0,0,0,0,48,148,12,6,5,2020,0,3,11,4,2,1,2,2,11,4,0,0,0,0,0,2,0,2,2,0,0,7,23
236,0,0,0,0,0,0,0,0,0,38,0,14,6,5,2020,1,1,0,5,1,0,1,1,0,5,0,0,0,0,0,1,0,1,1,0,0,6,0
237,0,0,0,0,0,0,0,0,0,49,0,17,1,5,2020,1,1,6,0,1,0,1,1,6,0,0,0,0,0,0,1,0,1,1,0,0,6,0
238,0,0,0,0,0,0,0,0,0,62,35,19,1,6,2020,9,5,51,25,5,2,2,2,51,25,0,0,0,0,0,5,0,5,5,0,0,11,6
239,0,0,0,0,0,0,1,1,0,34,276,4,5,8,2020,1,1,1,1,1,0,1,1,1,1,0,0,0,0,0,1,0,1,1,0,0,7,41
240,0,0,0,0,0,0,0,0,0,50,330,7,1,9,2020,3,1,7,0,1,0,1,1,7,0,0,0,0,0,0,1,0,1,1,0,0,6,47
241,0,0,0,1,0,0,0,0,0,25,253,13,3,9,2020,4,2,3,0,2,2,1,1,3,0,0,0,0,0,0,2,0,2,2,0,0,4,44
242,1,0,0,1,0,1,1,0,1,25,9777,23,2,9,2020,25,1,267,3,3,2,3,2,267,3,0,0,0,1,0,2,0,3,2,0,0,4,1313
243,0,0,0,0,0,1,1,0,0,49,710,8,3,10,2020,3,1,5,2,3,1,3,3,5,2,0,0,0,0,0,3,0,3,3,0,0,8,77
244,0,0,0,0,0,0,1,0,0,21,697,21,5,10,2020,1,2,4,6,1,0,1,1,4,6,0,0,0,0,0,1,0,1,1,0,0,3,101
245,0,0,1,0,0,0,1,0,0,16,1020,18,5,10,2020,9,7,57,0,8,4,4,3,57,0,0,0,0,0,0,8,0,8,8,0,0,3,174
246,0,1,0,0,0,0,0,0,0,37,59,14,4,10,2020,1,2,4,0,1,0,1,1,4,0,0,0,0,0,0,1,0,1,1,0,0,5,5
247,0,0,0,0,0,0,0,0,0,53,306,16,4,10,2020,10,2,10,9,3,1,3,3,10,9,0,0,0,0,0,3,0,3,3,0,0,8,53
248,0,0,0,0,0,0,1,0,0,73,119,21,5,10,2020,1,1,15,1,2,2,2,2,15,1,0,0,0,0,0,2,0,2,2,0,0,9,22
249,0,0,0,0,0,0,0,0,0,28,197,17,3,10,2020,1,3,142,3,5,2,1,1,142,3,0,0,0,0,0,5,0,5,5,0,0,3,34
250,0,0,0,0,0,0,0,0,0,22,13,14,4,10,2020,3,2,10,4,3,1,1,1,10,4,0,0,0,0,0,3,0,3,3,0,0,3,2
251,0,0,0,0,0,0,0,0,0,28,73,22,4,10,2020,1,1,3,0,1,1,1,1,3,0,0,0,0,0,0,1,0,1,1,0,0,6,11
252,0,0,0,0,0,0,0,1,0,62,11,19,6,10,2020,0,3,266,217,6,3,4,4,266,217,0,0,0,0,0,6,0,6,6,0,0,11,2
253,0,0,0,0,0,0,1,1,0,55,10,19,1,10,2020,0,1,19,10,2,1,2,2,19,10,0,0,0,0,0,2,0,2,2,0,0,8,2
254,0,0,0,0,0,0,1,0,0,23,140,22,6,10,2020,7,1,236,191,7,2,3,3,236,191,0,0,0,0,0,7,0,7,7,0,0,3,20
255,0,0,0,0,0,0,1,0,1,43,11,3,4,10,2020,1,1,1,1,1,0,1,1,1,1,0,0,0,0,0,1,0,1,1,0,0,6,2
256,0,0,0,0,0,0,0,0,0,41,353,20,3,11,2020,5,1,2,4,1,1,1,1,2,4,0,0,0,0,0,1,0,1,1,0,0,8,44
257,0,0,0,0,0,0,1,0,0,28,68,14,4,10,2020,2,1,7,1,1,1,1,1,7,1,0,0,0,0,0,1,0,1,1,0,0,4,12
258,0,0,0,0,0,0,0,0,0,50,100,15,2,12,2020,1,2,21,7,5,4,3,3,21,7,0,0,0,0,0,5,0,5,5,0,0,9,17
259,0,0,0,0,0,0,1,0,0,16,0,6,4,12,2020,1,1,1,1,1,1,1,1,1,1,0,0,0,0,0,1,0,1,1,0,0,4,0
260,0,0,0,0,0,0,0,0,0,65,169,23,6,12,2020,1,2,156,156,1,0,1,1,156,156,0,0,0,0,0,1,0,1,1,0,0,7,27
261,0,0,0,0,0,0,0,0,1,50,237,23,0,12,2020,10,1,44,28,1,0,1,1,44,28,0,0,0,0,0,1,0,1,1,0,0,7,39
262,0,0,0,0,0,0,1,0,0,50,149,19,6,1,2021,11,1,233,31,4,3,2,2,233,31,0,0,0,0,0,4,0,4,4,0,0,7,16
263,0,1,0,0,0,0,0,0,0,47,14,0,5,1,2021,7,3,3,3,2,2,2,2,3,3,0,0,0,0,0,2,0,2,2,0,0,8,3
264,0,0,0,0,0,0,1,1,0,32,36,18,4,1,2021,1,1,1,1,1,1,1,1,1,1,0,0,0,0,0,1,0,1,1,0,0,5,5
265,0,0,0,0,0,0,1,0,0,20,0,2,2,2,2021,0,1,1,1,1,1,1,1,1,1,0,0,0,0,0,1,0,1,1,0,0,5,0
266,0,0,0,0,0,0,0,0,0,17,0,8,2,2,2021,1,1,1,1,1,1,1,1,1,1,0,0,0,0,0,1,0,1,1,0,0,3,0
267,0,0,0,0,0,0,0,0,1,57,170,5,4,2,2021,3,2,4,4,1,0,1,1,4,4,0,0,0,0,0,1,0,1,1,0,0,10,25
268,0,0,0,0,0,0,1,0,0,41,608,23,6,2,2021,6,1,22,3,2,1,1,1,22,3,0,0,0,0,0,2,0,2,2,0,0,8,94
269,0,1,0,0,0,0,0,0,1,31,278,3,2,2,2021,9,4,7,4,1,1,1,1,7,4,0,0,0,0,0,1,0,1,1,0,0,6,49
270,0,0,0,0,0,1,0,0,0,49,302,17,3,3,2021,14,14,107,68,3,2,1,1,107,68,0,0,0,0,0,3,0,3,3,0,0,9,54
271,0,0,0,0,0,0,0,0,0,34,37,4,4,3,2021,4,1,7,0,1,0,1,1,7,0,0,0,0,0,0,1,0,1,1,0,0,3,7
272,0,0,0,0,0,0,0,0,0,29,80,19,6,3,2021,1,1,1,1,1,0,1,1,1,1,0,0,0,0,0,1,0,1,1,0,0,6,14
273,0,0,0,0,0,0,0,0,1,24,731,12,2,3,2021,20,9,95,5,5,3,2,2,95,5,0,0,0,0,0,5,0,5,5,0,0,3,74
274,0,1,0,1,0,0,0,0,0,56,345,12,2,4,2021,0,1,14,0,1,0,1,1,14,0,0,0,0,0,0,1,0,1,1,0,0,9,54
275,0,0,0,0,0,0,0,0,0,33,0,17,5,6,2021,0,1,1,1,1,0,1,1,1,1,0,0,0,0,0,1,0,1,1,0,0,5,0
276,0,0,0,0,0,0,0,0,0,49,143,21,0,5,2021,1,1,1,1,1,0,1,1,1,1,0,0,0,0,0,1,0,1,1,0,0,9,19
277,0,0,0,0,0,0,0,0,0,46,116,1,1,6,2021,5,2,9,0,1,0,1,1,9,0,0,0,0,0,0,1,0,1,1,0,0,7,22
278,0,0,0,0,0,0,0,0,0,25,0,20,6,7,2021,1,6,333,392,7,2,3,3,333,392,0,0,0,1,6,0,0,7,0,0,0,4,0
279,0,0,0,0,0,0,1,0,0,19,0,6,1,7,2021,0,3,90,90,11,5,3,3,90,90,0,0,0,0,0,11,0,11,11,0,0,3,0
280,0,0,0,0,0,0,1,0,0,61,78,7,1,7,2021,0,1,2,0,1,0,1,1,2,0,0,0,0,0,0,1,0,1,1,0,0,11,15
281,0,0,0,0,0,0,0,0,0,66,824,23,2,6,2021,1,4,16,0,1,1,1,1,16,0,0,0,0,0,0,1,0,1,1,0,0,10,111
282,0,0,0,0,0,0,0,0,1,39,187,8,0,8,2021,3,2,6,0,1,1,1,1,6,0,0,0,0,1,0,0,0,1,0,0,0,6,28
283,1,0,0,0,0,0,1,0,1,30,6808,9,6,8,2021,0,1,5,6,2,0,2,2,5,6,0,0,0,0,0,2,0,2,2,0,0,6,624
284,0,0,0,0,0,0,1,0,1,30,3978,9,6,8,2021,0,1,7,7,1,0,1,1,7,7,0,0,0,0,0,1,0,1,1,0,0,6,330
285,0,0,0,0,0,0,0,0,1,31,5095,9,6,8,2021,0,1,2,2,1,0,1,1,2,2,0,0,0,0,0,1,0,1,1,0,0,6,435
286,1,0,1,1,0,1,0,1,1,33,5648,9,6,8,2021,0,1,2,2,1,0,1,1,2,2,0,0,0,0,0,1,0,1,1,0,0,6,469
287,0,0,0,0,0,1,0,0,1,38,2609,9,6,8,2021,0,1,2,2,1,0,1,1,2,2,0,0,0,0,0,1,0,1,1,0,0,6,282
288,0,0,0,0,0,0,0,0,1,35,2391,9,6,8,2021,0,1,19,11,2,0,2,2,19,11,0,0,0,0,0,2,0,2,2,0,0,6,272
289,1,0,1,0,0,1,1,1,1,30,6348,9,6,8,2021,0,1,11,11,2,0,2,2,11,11,0,0,0,0,0,2,0,2,2,0,0,6,599
290,0,0,0,0,0,0,1,0,1,32,3683,9,6,8,2021,0,1,6,6,1,0,1,1,6,6,0,0,0,0,0,1,0,1,1,0,0,6,315
291,0,0,0,0,0,0,0,1,0,30,11,11,6,8,2021,0,1,10,4,2,2,1,1,10,4,0,0,0,0,0,2,0,2,2,0,0,6,2
292,1,0,0,0,0,0,1,0,0,47,108,11,6,8,2021,4,2,44,20,5,2,3,3,44,20,0,0,0,0,0,5,0,5,5,0,0,8,20
293,0,0,0,1,0,0,0,0,0,48,29,20,6,8,2021,0,1,75,19,2,2,2,2,75,19,0,0,0,0,0,2,0,2,2,0,0,8,5
294,0,0,0,0,0,0,0,0,0,31,179,17,6,8,2021,10,9,54,3,8,3,3,3,54,3,0,0,0,0,0,8,0,8,8,0,0,3,33
295,0,0,0,0,0,1,0,0,0,32,852,21,6,8,2021,0,1,1,0,1,1,1,1,1,0,0,0,0,0,0,1,0,1,1,0,0,4,107
296,0,0,0,0,0,0,0,0,0,46,166,16,6,8,2021,46,10,282,197,10,3,2,2,282,197,0,0,0,1,0,9,0,10,9,0,0,6,25
297,0,0,0,0,0,0,1,0,0,34,368,20,6,8,2021,4,1,223,59,5,2,5,5,223,59,0,0,0,0,0,5,0,5,5,0,0,6,57
298,0,0,0,0,0,1,0,0,0,27,255,22,6,8,2021,4,2,92,1,6,2,2,2,92,1,0,0,0,0,0,6,0,6,6,0,0,3,43
299,0,0,0,0,0,0,1,0,0,31,0,7,0,8,2021,1,1,8,14,1,1,1,1,8,14,0,0,0,0,0,1,0,1,1,0,0,6,0
300,0,0,0,0,0,1,0,0,0,32,147,8,0,8,2021,12,4,7,4,2,1,2,2,7,4,0,0,0,0,0,2,0,2,2,0,0,6,23
301,0,0,0,0,0,0,0,0,0,23,51,10,0,8,2021,2,2,8,8,1,1,1,1,8,8,0,0,0,0,0,1,0,1,1,0,0,4,11
302,0,0,0,0,0,0,1,0,0,37,10,6,1,8,2021,0,1,2,0,1,0,1,1,2,0,0,0,0,0,0,1,0,1,1,0,0,6,2
303,0,0,0,0,0,0,0,0,0,24,343,13,0,8,2021,10,8,139,8,6,3,5,5,139,8,0,0,0,0,0,6,0,6,6,0,0,4,39
304,0,0,0,0,0,0,1,0,0,71,256,12,0,8,2021,6,3,66,28,5,3,3,3,66,28,0,0,0,0,0,5,0,5,5,0,0,9,37
305,0,1,0,0,0,0,1,0,0,45,65,7,1,8,2021,2,2,25,7,1,1,1,1,25,7,0,0,0,0,0,1,0,1,1,0,0,6,10
306,0,1,0,0,0,0,1,0,0,49,71,6,1,8,2021,0,1,10,0,2,1,2,2,10,0,0,0,0,0,0,2,0,2,2,0,0,9,12
307,0,0,0,0,1,0,0,0,0,52,15,7,1,8,2021,0,1,30,22,3,1,1,1,30,22,0,0,0,0,0,3,0,3,3,0,0,10,3
308,0,0,0,0,1,0,0,0,0,33,252,9,3,8,2021,26,11,228,105,12,2,2,2,228,105,0,0,0,6,1,5,0,12,5,0,0,4,41
309,0,0,0,0,0,0,0,0,0,14,28,9,5,8,2021,0,2,3,6,4,3,4,4,3,6,0,0,0,0,0,4,0,4,4,0,0,2,3
310,0,0,0,1,0,0,0,0,0,21,54,13,6,8,2021,3,2,11,4,1,1,1,1,11,4,0,0,0,0,0,1,0,1,1,0,0,3,12
311,0,0,0,1,1,1,0,0,0,29,1069,22,5,8,2021,24,5,327,269,10,3,4,4,327,269,0,0,0,0,0,10,0,10,10,0,0,3,193
312,0,0,0,0,0,0,0,0,0,62,9,12,0,8,2021,5,1,21,6,2,1,2,2,21,6,0,0,0,1,0,1,0,2,1,0,0,11,2
313,0,0,0,0,0,1,0,0,0,37,0,14,6,8,2021,0,1,1,10,1,1,1,1,1,10,0,0,0,0,0,1,0,1,1,0,0,3,0
314,0,0,1,0,0,0,1,0,1,30,4233,17,2,9,2021,1,1,18,15,2,0,2,2,18,15,0,0,0,0,0,2,0,2,2,0,0,6,355
315,0,0,0,0,0,0,0,0,1,35,2062,17,2,9,2021,1,1,3,3,2,0,2,2,3,3,0,0,0,0,0,2,0,2,2,0,0,6,262
316,0,1,0,1,0,0,1,0,1,31,4932,17,2,9,2021,1,1,4,4,2,0,2,2,4,4,0,0,0,0,0,2,0,2,2,0,0,6,431
317,0,0,0,0,0,0,1,0,1,32,5406,17,2,9,2021,1,1,2,2,1,0,1,1,2,2,0,0,0,0,0,1,0,1,1,0,0,6,465
318,0,0,0,0,0,0,0,0,1,19,94,23,2,9,2021,0,1,92,151,2,0,2,2,92,151,0,0,0,0,0,2,0,2,2,0,0,2,14
319,0,0,0,0,0,0,0,0,1,34,3750,17,2,9,2021,1,1,3,3,2,0,2,2,3,3,0,0,0,0,0,2,0,2,2,0,0,6,323
320,0,0,0,0,0,0,1,0,0,13,1005,19,3,9,2021,6,2,40,18,2,1,2,2,40,18,0,0,0,0,0,2,0,2,2,0,0,2,125
321,0,0,0,0,0,0,0,0,1,33,4686,17,4,10,2021,0,1,2,2,1,0,1,1,2,2,0,0,0,0,0,1,0,1,1,0,0,6,367
322,0,0,0,0,0,0,0,1,1,33,3987,17,4,10,2021,0,1,2,2,1,0,1,1,2,2,0,0,0,0,0,1,0,1,1,0,0,6,356
323,0,0,0,0,0,0,0,0,0,46,275,15,6,10,2021,0,1,22,1,1,1,1,1,22,1,0,0,0,0,0,1,0,1,1,0,0,7,41
324,0,1,0,0,0,0,1,0,0,65,886,7,6,9,2021,3,1,124,30,4,2,1,1,124,30,0,0,0,0,0,4,0,4,4,0,0,10,150
325,0,0,0,0,0,0,0,1,0,39,2610,18,0,10,2021,6,1,67,24,6,2,4,4,67,24,0,0,0,0,0,6,0,6,6,0,0,7,319
326,0,0,0,0,0,0,1,0,0,24,10,8,2,10,2021,3,1,97,2,9,5,4,3,97,2,0,0,0,0,0,9,0,9,9,0,0,2,2
327,1,0,0,0,0,1,1,0,0,42,1365,4,6,10,2021,23,24,425,378,7,3,2,2,425,378,0,0,0,0,0,7,0,7,7,0,0,7,146
328,0,0,0,0,0,0,1,0,1,33,4387,17,0,11,2021,1,1,3,3,2,0,2,2,3,3,0,0,0,0,0,2,0,2,2,0,0,6,359
329,0,0,0,0,0,0,0,0,0,42,99,17,5,10,2021,6,1,52,2,7,4,3,3,52,2,0,0,0,0,0,7,0,7,7,0,0,7,18
330,0,0,0,0,0,0,1,0,0,9,85,16,2,10,2021,0,1,2,2,2,1,2,1,2,2,0,0,0,0,0,2,0,2,2,0,0,2,13
331,0,0,0,0,0,0,0,0,0,32,173,5,1,10,2021,0,1,1,1,1,1,1,1,1,1,0,0,0,0,0,1,0,1,1,0,0,4,25
332,0,0,0,0,0,1,1,1,1,33,9747,17,0,11,2021,1,1,2,2,1,0,1,1,2,2,0,0,0,0,0,1,0,1,1,0,0,6,631
333,0,1,0,0,0,0,0,0,1,30,2775,17,0,11,2021,1,1,6,6,1,0,1,1,6,6,0,0,0,0,0,1,0,1,1,0,0,6,286
334,0,0,0,0,0,0,0,0,1,24,30,4,1,11,2021,4,1,19,19,2,0,2,2,19,19,0,0,0,0,0,2,0,2,2,0,0,3,4
335,0,0,0,0,0,0,1,0,1,33,3160,17,0,11,2021,1,1,2,2,1,0,1,1,2,2,0,0,0,0,0,1,0,1,1,0,0,6,321
336,1,0,0,0,0,0,0,0,0,57,0,5,1,11,2021,7,1,41,28,2,1,2,2,41,28,0,0,0,1,1,0,0,2,0,0,0,10,0
337,0,0,0,0,0,0,1,1,0,18,445,15,3,11,2021,0,1,1,1,1,1,1,0,1,1,0,0,0,0,0,1,0,1,1,0,0,3,45
338,0,0,0,1,0,0,0,0,0,24,11,18,6,11,2021,0,1,53,9,2,2,2,2,53,9,0,0,0,0,0,2,0,2,2,0,0,4,2
339,0,0,0,0,0,0,0,0,0,49,17,7,0,11,2021,21,4,36,27,4,2,2,2,36,27,0,0,0,0,0,4,0,4,4,0,0,9,3
340,0,0,0,0,1,0,1,0,0,32,67,21,6,11,2021,3,2,29,12,6,1,3,3,29,12,0,0,0,0,0,6,0,6,6,0,0,6,14
341,0,0,0,0,0,0,0,0,0,36,11,8,2,11,2021,1,1,5,4,3,2,3,3,5,4,0,0,0,0,0,3,0,3,3,0,0,5,2
342,0,0,0,0,0,0,0,0,0,44,12,16,5,11,2021,3,2,5,0,1,0,1,1,5,0,0,0,0,0,0,1,0,1,1,0,0,9,2
343,0,0,0,0,0,0,0,0,0,38,63,14,3,11,2021,1,1,6,10,4,2,3,3,6,10,0,0,0,0,0,4,0,4,4,0,0,4,9
344,0,0,0,0,0,0,1,0,0,52,300,23,4,11,2021,20,2,174,86,4,2,3,3,174,86,0,0,0,0,0,4,0,4,4,0,0,8,47
345,0,0,0,0,0,0,0,0,0,19,0,21,4,11,2021,0,4,33,15,4,0,3,3,33,15,0,0,0,0,0,4,0,4,4,0,0,3,0
346,0,0,0,0,0,0,1,0,0,32,146,11,6,11,2021,2,1,2,1,2,1,2,2,2,1,0,0,0,0,0,2,0,2,2,0,0,5,24
347,0,0,0,0,0,1,0,1,1,33,5106,17,2,12,2021,0,1,2,2,1,0,1,1,2,2,0,0,0,0,0,1,0,1,1,0,0,6,396
348,0,0,0,0,0,0,0,0,1,31,2036,17,2,12,2021,0,1,7,16,2,0,2,2,7,16,0,0,0,0,0,2,0,2,2,0,0,6,262
349,0,0,0,0,0,0,1,0,0,30,11,16,6,12,2021,1,2,44,34,2,1,1,1,44,34,0,0,0,0,0,2,0,2,2,0,0,4,2
350,0,0,0,0,0,0,1,0,0,38,139,9,1,12,2021,4,1,3,2,2,1,2,2,3,2,0,0,0,0,0,2,0,2,2,0,0,6,21
351,0,0,0,0,0,0,0,0,0,62,106,6,1,12,2021,0,1,2,15,1,1,1,1,2,15,0,0,0,0,0,1,0,1,1,0,0,10,19
352,0,0,0,0,0,0,0,0,0,40,527,19,0,12,2021,2,1,182,54,5,2,1,1,182,54,0,0,0,0,0,5,0,5,5,0,0,7,68
353,0,0,1,0,0,0,0,0,0,29,312,8,3,12,2021,1,1,7,2,2,1,2,2,7,2,0,0,0,0,0,2,0,2,2,0,0,5,52
354,0,0,0,0,0,0,1,0,1,37,350,17,4,12,2021,1,1,13,1,1,1,1,1,13,1,0,0,0,0,0,1,0,1,1,0,0,6,47
355,0,0,0,0,0,0,1,0,0,32,239,7,1,12,2021,4,1,18,5,3,2,1,1,18,5,0,0,0,0,0,3,0,3,3,0,0,4,32
356,0,0,0,0,0,0,0,1,0,42,1249,6,0,12,2021,9,2,30,23,2,2,1,1,30,23,0,0,0,0,0,2,0,2,2,0,0,5,218
357,0,0,0,0,0,0,1,0,0,44,93,7,0,12,2021,1,1,2,0,1,0,1,1,2,0,0,0,0,0,0,1,0,1,1,0,0,7,13
358,0,0,0,0,0,1,1,0,1,30,4909,17,5,1,2022,0,1,3,3,2,0,2,2,3,3,0,0,0,0,0,2,0,2,2,0,0,6,413
359,0,0,1,0,0,1,0,0,1,38,3499,17,5,1,2022,0,1,2,2,1,0,1,1,2,2,0,0,0,0,0,1,0,1,1,0,0,6,316
360,0,0,0,0,0,0,1,0,0,57,290,17,1,12,2021,2,2,8,17,4,2,3,3,8,17,0,0,0,0,0,4,0,4,4,0,0,6,28
361,0,1,0,0,0,0,0,0,1,34,3820,17,5,1,2022,0,1,3,3,2,0,2,2,3,3,0,0,0,0,0,2,0,2,2,0,0,6,336
362,0,0,0,0,0,0,1,0,1,33,4303,17,5,1,2022,0,1,2,2,1,0,1,1,2,2,0,0,0,0,0,1,0,1,1,0,0,6,362
363,0,0,1,0,0,1,1,1,1,30,7044,17,5,1,2022,2,1,50,29,2,0,2,2,50,29,0,0,0,0,0,2,0,2,2,0,0,6,644
364,0,1,0,0,0,0,1,0,1,35,4680,16,0,1,2022,0,1,6,6,2,0,2,2,6,6,0,0,0,0,0,2,0,2,2,0,0,6,385
365,0,0,0,0,0,1,1,0,1,33,4400,16,0,1,2022,0,1,4,4,1,0,1,1,4,4,0,0,0,0,0,1,0,1,1,0,0,6,373
366,0,0,0,0,0,0,1,0,0,41,41,2,3,1,2022,0,1,4,0,1,1,1,0,4,0,0,0,0,0,0,1,0,1,1,0,0,8,3
367,0,0,0,0,0,0,0,0,0,19,76,7,1,1,2022,12,2,227,174,9,4,5,5,227,174,0,0,0,0,0,9,0,9,9,0,0,4,10
368,0,0,0,0,0,0,0,0,0,22,0,13,3,1,2022,0,1,18,6,4,0,3,3,18,6,0,0,0,0,0,4,0,4,4,0,0,3,0
369,0,0,0,0,0,0,1,0,1,42,70,23,3,1,2022,0,1,3,3,2,0,2,2,3,3,0,0,0,0,0,2,0,2,2,0,0,8,6
370,0,0,0,0,0,1,1,0,0,34,39,22,3,1,2022,2,1,1,1,1,1,1,1,1,1,0,0,0,0,0,1,0,1,1,0,0,7,6
371,0,0,0,0,0,1,0,0,0,16,140,10,4,1,2022,1,1,16,9,2,2,1,1,16,9,0,0,0,0,0,2,0,2,2,0,0,3,18
372,0,0,0,0,0,0,1,0,0,60,155,9,0,1,2022,4,1,19,4,3,2,1,1,19,4,0,0,0,0,0,3,0,3,3,0,0,9,29
373,0,0,0,0,0,0,0,0,0,36,467,18,1,1,2022,9,1,155,3,4,2,3,3,155,3,0,0,0,0,0,4,0,4,4,0,0,5,62
374,0,0,1,0,0,1,0,0,0,44,827,18,5,1,2022,9,2,149,7,8,3,2,2,149,7,0,0,0,0,0,8,0,8,8,0,0,8,147
375,0,0,0,0,0,0,0,0,0,23,36,11,5,1,2022,0,1,7,0,1,1,1,1,7,0,0,0,0,0,0,1,0,1,1,0,0,5,6
376,1,1,1,1,0,0,1,0,1,30,6856,17,1,2,2022,0,1,2,2,1,0,1,1,2,2,0,0,0,0,0,1,0,1,1,0,0,6,596
377,0,0,0,0,0,1,0,0,1,33,4173,17,1,2,2022,0,1,2,2,1,0,1,1,2,2,0,0,0,0,0,1,0,1,1,0,0,6,352
378,0,0,0,0,0,0,1,1,1,33,4192,17,1,2,2022,0,1,2,2,1,0,1,1,2,2,0,0,0,0,0,1,0,1,1,0,0,6,348
379,0,0,0,0,0,0,0,0,0,10,0,8,4,2,2022,18,7,357,170,10,4,3,3,357,170,0,0,0,0,0,10,0,10,10,0,0,2,0
380,1,0,1,0,0,0,1,1,1,38,6355,17,1,2,2022,0,1,2,2,1,0,1,1,2,2,0,0,0,0,0,1,0,1,1,0,0,6,512
381,0,0,0,0,0,0,0,0,0,12,0,8,0,2,2022,2,1,30,30,3,1,3,3,30,30,0,0,0,0,0,3,0,3,3,0,0,2,0
382,0,0,0,0,0,0,1,0,1,33,3731,17,1,3,2022,2,2,10,10,6,1,5,5,10,10,0,0,0,0,0,6,0,6,6,0,0,6,330
383,0,0,0,0,0,0,1,0,1,33,4042,17,1,3,2022,0,1,2,2,1,0,1,1,2,2,0,0,0,0,0,1,0,1,1,0,0,6,338
384,0,1,0,1,0,1,0,1,1,33,4009,17,1,3,2022,0,1,2,2,1,0,1,1,2,2,0,0,0,0,0,1,0,1,1,0,0,6,371
385,0,0,0,0,0,0,1,0,0,12,0,8,0,2,2022,6,1,5,11,3,2,1,1,5,11,0,0,0,0,0,3,0,3,3,0,0,2,0
386,0,1,0,0,0,1,1,1,1,30,13337,17,1,3,2022,2,1,4,4,2,0,2,2,4,4,0,0,0,0,0,2,0,2,2,0,0,6,930
387,1,1,1,0,0,0,1,1,1,38,18380,17,1,3,2022,2,1,5,5,2,0,2,2,5,5,0,0,0,0,0,2,0,2,2,0,0,6,1182
388,0,1,1,1,1,1,1,0,1,34,8380,20,1,3,2022,0,1,30,6,2,0,2,2,30,6,0,0,0,0,0,2,0,2,2,0,0,6,803
389,0,0,0,0,0,0,0,0,0,9,0,7,2,3,2022,0,1,5,0,1,1,1,1,5,0,0,0,0,0,0,1,0,1,1,0,0,2,0
390,0,0,0,0,0,0,0,0,0,62,35,23,0,3,2022,0,1,0,6,1,0,1,1,0,6,0,0,0,0,0,1,0,1,1,0,0,11,6
391,0,0,0,0,0,0,0,0,1,26,61,17,0,3,2022,0,1,1,1,1,0,1,1,1,1,0,0,0,0,0,1,0,1,1,0,0,4,9
392,0,0,0,0,0,0,0,0,0,41,11,11,3,3,2022,2,4,17,1,2,0,1,1,17,1,0,0,0,0,0,2,0,2,2,0,0,5,2
393,0,0,0,0,0,0,0,0,0,40,288,18,5,3,2022,2,1,10,10,1,1,1,1,10,10,0,0,0,0,0,1,0,1,1,0,0,6,48
394,0,0,0,0,0,1,0,0,0,18,352,3,1,3,2022,0,3,8,20,5,3,3,3,8,20,0,0,0,0,0,5,0,5,5,0,0,3,57
395,0,0,0,0,0,1,0,1,1,33,3768,17,4,4,2022,0,1,2,2,1,0,1,1,2,2,0,0,0,0,0,1,0,1,1,0,0,6,356
396,0,1,1,1,0,0,1,0,1,35,6022,17,4,4,2022,0,1,3,3,2,0,2,2,3,3,0,0,0,0,0,2,0,2,2,0,0,6,537
397,1,1,0,0,0,1,1,0,1,34,4097,17,4,4,2022,0,1,2,2,1,0,1,1,2,2,0,0,0,0,0,1,0,1,1,0,0,6,407
398,1,1,1,1,0,0,1,0,1,29,5514,17,4,4,2022,0,1,2,2,1,0,1,1,2,2,0,0,0,0,0,1,0,1,1,0,0,6,465
399,0,0,0,0,0,0,1,0,1,33,4223,17,4,4,2022,0,1,2,2,1,0,1,1,2,2,0,0,0,0,0,1,0,1,1,0,0,6,349
400,0,0,0,0,0,0,0,0,1,16,33,11,2,4,2022,2,1,7,0,1,0,1,1,7,0,0,0,0,0,0,1,0,1,1,0,0,2,3
401,0,0,0,0,0,0,0,0,0,61,271,15,2,4,2022,11,7,14,2,1,0,1,1,14,2,0,0,0,0,0,1,0,1,1,0,0,10,35
402,1,1,1,0,0,0,1,1,1,38,6522,17,6,5,2022,0,1,14,8,1,0,1,1,14,8,0,0,0,0,0,1,0,1,1,0,0,6,593
403,0,1,1,0,0,0,1,0,1,30,7296,17,6,5,2022,0,1,4,16,2,0,2,2,4,16,0,0,0,0,0,2,0,2,2,0,0,6,527
404,0,0,0,1,0,0,0,0,1,33,8073,17,6,5,2022,0,1,2,2,1,0,1,1,2,2,0,0,0,0,0,1,0,1,1,0,0,6,535
405,1,0,0,0,0,0,1,0,1,30,4638,17,6,5,2022,0,1,3,3,2,0,2,2,3,3,0,0,0,0,0,2,0,2,2,0,0,6,423
406,0,0,0,0,0,1,0,0,1,33,2706,17,6,5,2022,0,1,2,2,1,0,1,1,2,2,0,0,0,0,0,1,0,1,1,0,0,6,290
407,0,0,1,0,0,0,0,0,0,18,88,3,2,5,2022,0,1,1,11,2,0,2,2,1,11,0,0,0,0,0,2,0,2,2,0,0,3,13
408,0,0,1,0,0,0,0,0,1,30,2366,23,6,5,2022,0,1,29,12,1,0,1,1,29,12,0,0,0,0,0,1,0,1,1,0,0,6,274
409,0,0,0,0,0,0,1,0,0,46,12,21,3,5,2022,13,1,215,81,6,2,3,3,215,81,0,0,0,0,0,6,0,6,6,0,0,8,2
410,0,0,0,0,0,0,0,0,0,64,593,14,5,5,2022,0,1,0,6,1,1,1,1,0,6,0,0,0,0,0,1,0,1,1,0,0,8,58
411,0,0,0,0,0,0,0,0,0,58,184,7,6,5,2022,4,2,6,3,1,1,1,1,6,3,0,0,0,0,0,1,0,1,1,0,0,11,36
412,0,0,0,0,0,0,0,0,1,16,0,20,5,5,2022,0,2,2,2,1,1,1,1,2,2,0,0,0,0,0,1,0,1,1,0,0,3,0
413,0,0,0,0,0,0,0,0,0,19,67,21,5,5,2022,0,3,101,56,4,0,3,3,101,56,0,0,0,0,0,4,0,4,4,0,0,3,11
414,0,0,0,0,0,0,0,0,1,21,139,14,4,6,2022,2,2,7,3,2,1,2,2,7,3,0,0,0,0,0,2,0,2,2,0,0,3,21
415,0,1,0,0,0,1,0,0,0,44,720,7,3,6,2022,12,1,441,266,11,5,3,3,441,266,0,0,0,1,1,9,0,11,9,0,0,6,122
416,0,0,1,0,0,0,0,0,0,8,156,5,4,6,2022,4,6,124,96,8,3,4,4,124,96,0,0,0,0,0,8,0,8,8,0,0,2,30
417,0,0,0,0,0,0,1,0,0,49,0,14,5,6,2022,0,1,1,1,1,1,1,0,1,1,0,0,0,0,0,1,0,1,1,0,0,7,0
418,1,0,1,1,1,1,1,1,1,38,14178,17,4,7,2022,2,1,8,8,2,0,2,2,8,8,0,0,0,0,0,2,0,2,2,0,0,6,910
419,0,0,1,1,0,0,1,0,1,32,3752,17,4,7,2022,0,1,2,2,1,0,1,1,2,2,0,0,0,0,0,1,0,1,1,0,0,6,334
420,0,0,1,1,0,1,1,0,1,30,8431,17,4,7,2022,2,1,7,7,2,0,2,2,7,7,0,0,0,0,0,2,0,2,2,0,0,6,703
421,0,1,0,0,0,0,1,0,1,33,4071,17,4,7,2022,0,1,2,2,1,0,1,1,2,2,0,0,0,0,0,1,0,1,1,0,0,6,362
422,0,0,0,0,0,1,1,0,1,31,3845,17,4,7,2022,0,1,2,2,1,0,1,1,2,2,0,0,0,0,0,1,0,1,1,0,0,6,347
423,0,0,0,0,0,0,1,0,0,38,13,16,1,7,2022,4,1,23,4,5,1,4,4,23,4,0,0,0,0,0,5,0,5,5,0,0,5,2
424,0,0,0,0,0,0,1,0,0,41,32,16,1,7,2022,8,1,2,2,2,1,2,2,2,2,0,0,0,0,0,2,0,2,2,0,0,6,6
425,0,0,1,0,0,0,0,0,0,11,337,6,6,7,2022,38,28,1081,1134,15,5,6,5,1081,1134,0,0,0,2,1,12,0,15,12,0,0,2,51
426,0,0,0,0,0,0,0,0,1,53,550,17,4,7,2022,9,11,522,51,9,3,2,2,522,51,0,0,0,0,0,9,0,9,9,0,0,8,92
427,1,0,1,0,0,1,1,0,1,34,4726,17,0,8,2022,0,1,5,5,2,0,2,2,5,5,0,0,0,0,0,2,0,2,2,0,0,6,395
428,0,0,0,0,0,1,0,0,1,31,356,19,6,7,2022,0,1,1,1,1,1,1,1,1,1,0,0,0,0,0,1,0,1,1,0,0,5,30
429,1,0,1,0,0,0,1,0,1,36,4363,17,0,8,2022,0,1,3,3,2,0,2,2,3,3,0,0,0,0,0,2,0,2,2,0,0,6,349
430,0,1,1,0,1,0,1,1,1,31,6867,17,0,8,2022,2,1,7,7,2,0,2,2,7,7,0,0,0,0,0,2,0,2,2,0,0,6,590
431,1,1,1,1,0,1,1,1,1,30,5338,17,0,8,2022,0,1,5,5,2,0,2,2,5,5,0,0,0,0,0,2,0,2,2,0,0,6,411
432,0,0,0,0,0,0,0,0,1,35,3777,17,0,8,2022,0,1,3,3,2,0,2,2,3,3,0,0,0,0,0,2,0,2,2,0,0,6,345
433,0,0,0,0,0,1,1,0,1,30,4589,20,0,8,2022,0,1,8,8,2,0,2,2,8,8,0,0,0,0,0,2,0,2,2,0,0,6,383
434,0,0,0,0,0,0,1,0,0,65,12,21,0,8,2022,4,5,57,29,4,3,2,2,57,29,0,0,0,0,0,4,0,4,4,0,0,11,2
435,0,0,0,0,0,0,0,0,1,35,2069,0,1,8,2022,0,1,50,7,1,0,1,1,50,7,0,0,0,0,0,1,0,1,1,0,0,6,262
436,0,0,0,0,0,1,0,0,1,33,4010,7,1,8,2022,0,1,50,7,1,0,1,1,50,7,0,0,0,0,0,1,0,1,1,0,0,6,353
437,1,0,0,0,0,0,0,0,0,48,59,2,2,8,2022,12,6,3,0,2,1,2,2,3,0,0,0,0,0,0,2,0,2,2,0,0,10,13
438,0,0,0,0,0,0,0,0,1,39,2058,7,1,8,2022,1,1,50,7,1,0,1,1,50,7,0,0,0,0,0,1,0,1,1,0,0,6,262
439,0,0,0,0,0,0,0,0,0,28,134,13,1,8,2022,1,2,7,0,1,0,1,1,7,0,0,0,0,0,0,1,0,1,1,0,0,5,21
440,0,0,0,0,0,0,0,0,1,19,0,5,3,9,2022,0,1,172,53,1,0,1,1,172,53,0,0,0,0,0,1,0,1,1,0,0,2,0
441,1,0,0,0,0,1,1,0,1,33,10026,17,3,9,2022,0,1,2,2,1,0,1,1,2,2,0,0,0,0,0,1,0,1,1,0,0,6,635
442,0,0,0,0,0,0,1,0,1,30,2657,17,3,9,2022,0,1,17,5,1,0,1,1,17,5,0,0,0,0,0,1,0,1,1,0,0,6,285
443,0,0,0,0,0,0,0,0,1,36,4011,17,3,9,2022,0,1,3,3,2,0,2,2,3,3,0,0,0,0,0,2,0,2,2,0,0,6,338
444,1,0,0,0,0,1,1,1,1,33,5442,17,3,9,2022,0,1,2,2,1,0,1,1,2,2,0,0,0,0,0,1,0,1,1,0,0,6,465
445,0,0,0,0,0,0,1,1,1,30,7755,17,3,9,2022,0,1,2,13,2,0,2,2,2,13,0,0,0,0,0,2,0,2,2,0,0,6,542
446,1,1,1,1,0,0,1,1,1,33,18166,4,4,9,2022,0,1,120,8,1,0,1,1,120,8,0,0,0,0,0,1,0,1,1,0,0,6,1376
447,1,0,1,0,0,0,1,0,1,35,4023,4,4,9,2022,0,1,5,5,2,0,2,2,5,5,0,0,0,0,0,2,0,2,2,0,0,6,363
448,1,1,1,1,0,1,1,1,1,31,7386,4,4,9,2022,2,1,7,7,2,0,2,2,7,7,0,0,0,0,0,2,0,2,2,0,0,6,627
449,1,0,1,1,0,1,1,1,1,38,12473,7,4,9,2022,1,1,11,11,2,0,2,2,11,11,0,0,0,0,0,2,0,2,2,0,0,6,858
450,0,0,0,0,0,0,1,1,0,44,381,18,6,9,2022,7,4,21,51,8,2,5,5,21,51,0,0,0,0,0,8,0,8,8,0,0,6,72
451,0,0,0,0,0,0,0,0,0,17,92,10,2,9,2022,0,1,1,1,1,0,1,1,1,1,0,0,0,0,0,1,0,1,1,0,0,2,6
452,0,0,0,0,0,0,0,0,0,52,29,21,2,9,2022,1,2,3,0,1,1,1,1,3,0,0,0,0,0,0,1,0,1,1,0,0,11,6
453,0,0,0,0,0,0,1,0,0,51,13,16,2,9,2022,1,1,331,343,3,2,1,1,331,343,0,0,0,0,0,3,0,3,3,0,0,7,2
454,0,0,1,0,0,0,1,0,0,69,3007,22,0,9,2022,6,0,0,0,0,0,0,0,0,0,0,0,0,0,0,0,0,0,0,0,0,8,462
455,0,0,0,0,0,0,1,0,0,38,12,20,1,9,2022,1,2,69,47,8,3,2,2,69,47,0,0,0,0,0,8,0,8,8,0,0,5,2
456,0,0,0,0,1,1,1,1,1,33,13622,17,5,10,2022,0,1,2,2,1,0,1,1,2,2,0,0,0,0,0,1,0,1,1,0,0,6,836
457,0,0,1,0,0,0,1,0,1,36,4227,17,5,10,2022,0,1,3,3,2,0,2,2,3,3,0,0,0,0,0,2,0,2,2,0,0,6,338
458,0,1,1,0,1,1,1,1,1,38,9093,17,5,10,2022,1,1,25,6,2,0,2,2,25,6,0,0,0,0,0,2,0,2,2,0,0,6,772
459,0,0,0,0,0,0,0,0,0,37,246,19,1,9,2022,3,1,63,0,1,1,1,1,63,0,0,0,0,1,0,0,0,1,0,0,0,5,16
460,0,0,1,0,1,0,1,1,1,30,7670,17,5,10,2022,1,1,83,20,2,0,2,2,83,20,0,0,0,0,0,2,0,2,2,0,0,6,660
461,0,0,1,0,0,0,1,1,1,30,7592,20,5,10,2022,1,1,81,18,2,0,2,2,81,18,0,0,0,0,0,2,0,2,2,0,0,6,633
462,0,0,0,0,0,0,0,1,1,33,3136,17,5,10,2022,0,1,2,2,1,0,1,1,2,2,0,0,0,0,0,1,0,1,1,0,0,6,323
463,0,0,0,0,0,0,1,0,0,37,208,19,4,10,2022,11,5,97,5,4,2,2,2,97,5,0,0,0,0,0,4,0,4,4,0,0,5,34
464,0,0,0,0,0,0,0,0,0,38,16,21,3,10,2022,15,1,27,3,2,2,1,1,27,3,0,0,0,0,0,2,0,2,2,0,0,5,2
465,0,0,0,0,0,0,0,0,0,60,130,6,5,10,2022,1,1,44,17,3,2,1,1,44,17,0,0,0,0,0,3,0,3,3,0,0,8,22
466,0,0,0,0,0,0,0,0,0,42,189,12,5,10,2022,48,5,258,22,5,2,2,2,258,22,0,0,0,0,0,5,0,5,5,0,0,6,24
467,0,0,0,0,0,0,0,0,0,48,70,15,0,10,2022,10,2,22,18,4,2,3,3,22,18,0,0,0,0,0,4,0,4,4,0,0,5,12
468,0,0,0,0,0,0,0,0,1,35,118,16,6,10,2022,1,1,1,1,1,0,1,0,1,1,0,0,0,0,0,1,0,1,1,0,0,5,21
469,0,0,0,0,0,0,0,0,0,39,0,15,0,10,2022,3,1,6,9,1,1,1,1,6,9,0,0,0,0,0,1,0,1,1,0,0,8,0
470,0,0,0,1,0,0,0,0,0,40,783,16,0,10,2022,11,5,321,65,6,1,3,3,321,65,0,0,0,0,0,6,0,6,6,0,0,3,133
471,0,0,0,0,0,0,1,0,0,37,116,20,0,10,2022,0,1,2,2,1,0,1,1,2,2,0,0,0,0,0,1,0,1,1,0,0,5,21
472,0,0,0,0,0,1,1,0,0,43,192,1,2,11,2022,0,1,8,8,1,1,1,1,8,8,0,0,0,0,0,1,0,1,1,0,0,5,20
473,1,0,1,0,0,1,1,0,1,23,2423,19,1,11,2022,0,6,122,118,6,2,4,4,122,118,0,0,0,0,0,6,0,6,6,0,0,4,363
474,0,0,0,0,0,0,0,0,0,40,51,8,2,11,2022,1,1,3,0,1,1,1,1,3,0,0,0,0,0,0,1,0,1,1,0,0,6,8
475,0,0,0,0,0,1,1,0,1,36,534,3,2,11,2022,12,5,45,47,1,1,1,1,45,47,0,0,0,0,0,1,0,1,1,0,0,8,56
476,0,0,0,0,0,0,1,0,0,37,13,12,2,11,2022,0,1,9,1,2,2,1,1,9,1,0,0,0,0,0,2,0,2,2,0,0,5,2
477,0,0,0,0,0,1,1,0,0,28,240,4,3,11,2022,0,2,71,17,3,3,1,1,71,17,0,0,0,0,0,3,0,3,3,0,0,5,40
478,0,0,1,0,0,0,1,1,0,51,439,17,0,11,2022,2,1,0,1,1,1,1,1,0,1,0,0,0,0,0,1,0,1,1,0,0,9,51
479,0,0,0,0,0,0,0,0,0,44,115,13,4,11,2022,15,2,22,22,5,1,3,3,22,22,0,0,0,0,0,5,0,5,5,0,0,7,21
480,0,0,0,0,0,0,1,0,0,29,62,8,1,11,2022,0,1,4,4,2,2,1,1,4,4,0,0,0,0,0,2,0,2,2,0,0,5,11
481,0,0,0,1,0,0,0,0,0,19,0,8,5,11,2022,1,3,33,96,5,3,3,3,33,96,0,0,0,0,0,5,0,5,5,0,0,3,0
482,0,0,0,0,0,0,0,0,1,20,0,6,0,11,2022,0,1,12,3,4,0,3,3,12,3,0,0,0,0,0,4,0,4,4,0,0,4,0
483,0,0,0,0,0,0,1,0,0,69,178,16,6,11,2022,1,1,8,2,1,1,1,1,8,2,0,0,0,0,0,1,0,1,1,0,0,12,32
484,0,0,0,0,0,0,0,0,0,43,255,8,5,11,2022,6,2,244,207,1,1,1,1,244,207,0,0,0,0,0,1,0,1,1,0,0,8,46
485,0,0,0,0,0,1,1,0,0,38,264,8,0,11,2022,0,1,1,1,1,1,1,1,1,1,0,0,0,0,0,1,0,1,1,0,0,5,26
486,0,0,0,0,0,0,0,0,0,26,73,5,1,11,2022,0,2,18,5,3,2,3,3,18,5,0,0,0,0,0,3,0,3,3,0,0,3,14
487,0,0,0,0,0,0,1,0,0,62,12,5,4,11,2022,2,1,3,2,2,1,2,2,3,2,0,0,0,0,0,2,0,2,2,0,0,9,2
488,0,0,0,0,0,1,0,0,0,41,26,9,3,11,2022,3,1,7,0,1,1,1,1,7,0,0,0,0,0,0,1,0,1,1,0,0,7,4
489,0,0,0,0,0,0,0,0,0,31,115,7,2,11,2022,0,1,33,52,3,1,3,3,33,52,0,0,0,0,0,3,0,3,3,0,0,5,17
490,0,0,0,0,0,0,0,0,0,50,162,9,2,11,2022,6,1,19,35,3,1,3,3,19,35,0,0,0,0,0,3,0,3,3,0,0,7,25
491,0,0,0,0,0,0,0,0,0,30,23,9,2,11,2022,3,1,73,241,3,1,3,3,73,241,0,0,0,0,0,3,0,3,3,0,0,5,5
492,0,0,0,0,0,0,0,0,0,37,63,6,3,12,2022,0,1,30,19,4,1,3,3,30,19,0,0,0,0,0,4,0,4,4,0,0,5,8
493,0,0,0,0,0,1,1,0,0,42,180,13,3,12,2022,3,1,1,1,1,1,1,1,1,1,0,0,0,0,0,1,0,1,1,0,0,6,31
494,0,0,1,0,0,0,1,0,1,38,4965,17,3,12,2022,0,1,3,3,2,0,2,2,3,3,0,0,0,0,0,2,0,2,2,0,0,6,382
495,0,0,0,0,0,1,0,0,1,33,5903,17,3,12,2022,1,1,2,2,1,0,1,1,2,2,0,0,0,0,0,1,0,1,1,0,0,6,426
496,0,0,1,0,0,0,1,0,1,30,4153,17,3,12,2022,0,1,3,3,2,0,2,2,3,3,0,0,0,0,0,2,0,2,2,0,0,6,355
497,0,1,1,0,0,0,1,0,1,33,6423,17,3,12,2022,2,1,2,2,1,0,1,1,2,2,0,0,0,0,0,1,0,1,1,0,0,6,535
498,0,0,0,0,0,0,0,0,1,35,3514,17,3,12,2022,2,1,20,3,2,0,2,2,20,3,0,0,0,0,0,2,0,2,2,0,0,6,323
499,0,0,0,0,0,0,0,0,0,21,137,6,4,12,2022,2,3,58,6,2,1,2,1,58,6,0,0,0,0,0,2,0,2,2,0,0,3,26
500,0,0,0,0,0,1,1,0,0,43,103,5,4,12,2022,5,2,16,2,1,1,1,1,16,2,0,0,0,0,0,1,0,1,1,0,0,8,14
501,0,0,0,0,0,0,0,0,1,17,0,6,4,12,2022,0,1,4,4,4,0,3,3,4,4,0,0,0,0,0,4,0,4,4,0,0,3,0
502,0,0,0,0,0,0,0,0,0,33,0,7,4,12,2022,0,1,10,0,1,0,1,1,10,0,0,0,0,0,0,1,0,1,1,0,0,5,0
503,0,0,0,0,0,0,1,0,0,45,11,7,5,12,2022,0,1,7,1,2,1,2,2,7,1,0,0,0,0,0,2,0,2,2,0,0,9,2
504,0,0,0,0,0,1,1,0,0,59,1568,1,3,12,2022,20,1,88,2,7,2,2,2,88,2,0,0,0,0,0,7,0,7,7,0,0,8,184
505,0,0,0,0,0,1,0,0,0,32,0,7,6,12,2022,2,2,82,13,2,2,1,1,82,13,0,0,0,0,0,2,0,2,2,0,0,6,0
506,0,0,0,0,0,1,1,0,0,42,11,6,3,12,2022,0,1,7,0,1,1,1,1,7,0,0,0,0,0,0,1,0,1,1,0,0,8,2
507,0,1,0,0,0,1,1,0,0,46,494,0,5,12,2022,7,2,161,4,8,3,2,2,161,4,0,0,0,0,0,8,0,8,8,0,0,5,74
508,0,0,0,0,0,0,0,0,1,39,2058,17,6,1,2023,0,1,2,2,1,0,1,1,2,2,0,0,0,0,0,1,0,1,1,0,0,6,262
509,0,0,0,1,0,1,1,0,1,33,4177,17,6,1,2023,0,1,2,2,1,0,1,1,2,2,0,0,0,0,0,1,0,1,1,0,0,6,367
510,0,0,0,0,0,0,1,1,1,30,7682,17,6,1,2023,0,1,5,5,2,0,2,2,5,5,0,0,0,0,0,2,0,2,2,0,0,6,541
511,1,0,1,0,0,1,1,0,1,36,4578,17,6,1,2023,0,1,3,3,2,0,2,2,3,3,0,0,0,0,0,2,0,2,2,0,0,6,359
512,1,0,0,0,0,0,0,0,0,31,429,15,4,1,2023,2,1,6,4,1,1,1,1,6,4,0,0,0,0,0,1,0,1,1,0,0,6,55
513,0,0,0,0,0,1,0,1,1,26,136,7,1,1,2023,0,2,75,22,8,4,4,4,75,22,0,0,0,0,0,8,0,8,8,0,0,5,22
514,0,0,1,0,0,0,1,0,1,35,5512,17,6,1,2023,0,1,14,5,2,0,2,2,14,5,0,0,0,0,0,2,0,2,2,0,0,6,430
515,0,0,0,0,0,0,0,0,0,39,205,15,4,1,2023,2,1,77,0,10,3,5,5,77,0,0,0,0,1,0,9,0,10,9,0,0,7,27
516,1,0,0,0,0,0,0,0,0,42,583,23,0,1,2023,2,1,40,0,6,2,3,3,40,0,0,0,0,0,0,6,0,6,6,0,0,8,63
517,0,0,1,1,0,1,1,1,1,38,7209,17,2,2,2023,1,1,53,11,2,0,2,2,53,11,0,0,0,0,0,2,0,2,2,0,0,6,652
518,1,0,0,0,0,0,0,0,1,33,3676,17,2,2,2023,8,1,1,1,1,0,1,1,1,1,0,0,0,0,0,1,0,1,1,0,0,6,315
519,1,0,0,1,0,0,1,0,1,30,3608,17,2,2,2023,0,1,3,3,2,0,2,2,3,3,0,0,0,0,0,2,0,2,2,0,0,6,344
520,1,0,0,0,0,0,1,0,1,30,7577,17,2,2,2023,0,1,23,5,2,0,2,2,23,5,0,0,0,0,0,2,0,2,2,0,0,6,556
521,0,1,1,1,0,0,1,1,1,30,7390,17,2,2,2023,1,1,51,9,2,0,2,2,51,9,0,0,0,0,0,2,0,2,2,0,0,6,645
522,0,0,0,0,0,0,0,0,1,20,0,1,3,2,2023,2,1,1,1,1,0,1,1,1,1,0,0,0,0,0,1,0,1,1,0,0,3,0
523,0,0,0,0,0,0,0,0,0,33,75,2,5,2,2023,0,1,5,0,1,0,1,1,5,0,0,0,0,0,0,1,0,1,1,0,0,4,8
524,0,0,0,0,0,0,0,0,1,17,0,7,4,2,2023,0,1,7,7,4,0,3,3,7,7,0,0,0,0,0,4,0,4,4,0,0,3,0
525,0,0,0,0,0,0,0,0,0,33,0,8,4,2,2023,0,1,10,4,1,0,1,1,10,4,0,0,0,0,0,1,0,1,1,0,0,5,0
526,0,1,1,1,0,1,1,1,1,38,7228,17,2,3,2023,0,1,3,3,2,0,2,2,3,3,0,0,0,0,0,2,0,2,2,0,0,6,642
527,0,0,0,0,0,0,0,0,0,39,46,22,5,2,2023,0,1,8,0,1,1,1,1,8,0,0,0,0,0,0,1,0,1,1,0,0,6,10
528,0,1,0,1,0,0,1,1,1,33,5062,17,2,3,2023,0,1,4,4,2,0,2,2,4,4,0,0,0,0,0,2,0,2,2,0,0,6,390
529,0,0,0,0,0,0,0,0,1,36,3866,17,2,3,2023,0,1,3,3,2,0,2,2,3,3,0,0,0,0,0,2,0,2,2,0,0,6,333
530,0,0,0,0,0,0,0,0,1,30,2044,17,2,3,2023,0,1,4,16,1,0,1,1,4,16,0,0,0,0,0,1,0,1,1,0,0,6,262
531,0,1,0,1,0,1,0,0,0,37,869,8,3,3,2023,0,3,139,18,5,2,2,1,139,18,0,0,0,0,0,5,0,5,5,0,0,5,135
532,0,0,0,0,0,0,0,0,0,54,44,9,3,3,2023,0,2,1,0,1,0,1,1,1,0,0,0,0,1,0,0,0,1,0,0,0,7,2
533,0,1,0,0,0,0,1,0,1,33,131,6,1,3,2023,0,1,14,1,2,2,2,1,14,1,0,0,0,0,0,2,0,2,2,0,0,5,19
534,0,0,0,0,0,0,0,0,0,47,0,7,0,3,2023,0,4,25,30,7,3,3,3,25,30,0,0,0,0,0,7,0,7,7,0,0,10,0
535,0,0,0,0,0,0,0,0,1,12,0,7,0,3,2023,6,1,196,228,1,0,1,1,196,228,0,0,0,0,0,1,0,1,1,0,0,2,0
536,0,0,0,0,0,0,0,0,0,28,368,3,1,3,2023,2,3,16,0,2,2,1,1,16,0,0,0,0,0,0,2,0,2,2,0,0,4,29
537,0,0,0,0,0,0,0,0,1,39,2058,19,0,3,2023,0,1,2,2,1,0,1,1,2,2,0,0,0,0,0,1,0,1,1,0,0,6,262
538,0,0,0,0,0,0,0,0,1,10,0,20,5,3,2023,0,1,98,121,3,1,2,2,98,121,0,0,0,0,1,2,0,3,2,0,0,2,0
539,0,0,1,0,0,1,0,0,1,34,4940,19,0,3,2023,0,1,19,6,2,0,2,2,19,6,0,0,0,0,0,2,0,2,2,0,0,6,533
540,1,0,0,0,0,1,1,0,1,30,4337,19,0,3,2023,0,1,5,5,2,0,2,2,5,5,0,0,0,0,0,2,0,2,2,0,0,6,399
541,0,0,1,1,0,1,1,0,1,39,10685,19,0,3,2023,0,1,12,3,2,0,2,2,12,3,0,0,0,0,0,2,0,2,2,0,0,6,693
542,0,0,1,0,0,0,1,1,1,38,7790,17,5,4,2023,0,1,3,3,2,0,2,2,3,3,0,0,0,0,0,2,0,2,2,0,0,6,655
543,0,0,0,0,0,0,0,0,1,33,2705,17,5,4,2023,0,1,60,35,2,0,2,2,60,35,0,0,0,0,0,2,0,2,2,0,0,6,313
544,0,0,0,0,0,0,0,0,1,33,2695,17,5,4,2023,0,1,88,22,2,0,2,2,88,22,0,0,0,0,0,2,0,2,2,0,0,6,294
545,0,0,0,0,0,0,0,0,0,57,332,8,4,4,2023,2,1,2,1,2,1,2,2,2,1,0,0,0,0,0,2,0,2,2,0,0,9,39
546,0,0,0,0,0,0,0,0,0,47,151,13,5,4,2023,7,1,33,90,3,1,3,3,33,90,0,0,0,0,0,3,0,3,3,0,0,6,27
547,0,0,1,0,0,0,1,0,1,35,5283,17,0,5,2023,1,1,5,21,2,0,2,2,5,21,0,0,0,0,0,2,0,2,2,0,0,6,403
548,0,0,0,0,0,0,1,0,1,42,3100,17,0,5,2023,0,1,3,3,2,0,2,2,3,3,0,0,0,0,0,2,0,2,2,0,0,6,306
549,0,0,1,0,0,1,0,0,1,34,4737,17,0,5,2023,0,1,3,3,2,0,2,2,3,3,0,0,0,0,0,2,0,2,2,0,0,6,421
550,1,1,1,0,0,0,1,0,1,30,6372,17,0,5,2023,1,1,22,7,2,0,2,2,22,7,0,0,0,0,0,2,0,2,2,0,0,6,661
551,0,0,0,0,0,0,1,0,0,46,11,5,3,5,2023,6,1,38,3,3,3,2,2,38,3,0,0,0,0,0,3,0,3,3,0,0,10,2
552,0,0,0,0,1,1,1,1,1,38,4623,17,0,5,2023,0,1,3,3,2,0,2,2,3,3,0,0,0,0,0,2,0,2,2,0,0,6,389
553,0,0,0,0,0,0,1,0,0,51,37,7,5,5,2023,5,4,112,45,6,3,4,4,112,45,0,0,0,0,0,6,0,6,6,0,0,11,5
554,0,0,0,0,0,0,0,0,1,36,4202,17,3,6,2023,0,1,3,3,2,0,2,2,3,3,0,0,0,0,0,2,0,2,2,0,0,6,332
555,0,1,1,1,0,1,1,1,1,38,7489,17,3,6,2023,0,1,3,3,2,0,2,2,3,3,0,0,0,0,0,2,0,2,2,0,0,6,646
556,0,1,0,1,0,0,0,0,1,33,2856,17,3,6,2023,0,1,2,2,1,0,1,1,2,2,0,0,0,0,0,1,0,1,1,0,0,6,298
557,0,0,0,0,0,1,1,0,1,33,11888,17,3,6,2023,0,1,2,2,1,0,1,1,2,2,0,0,0,0,0,1,0,1,1,0,0,6,768
558,1,0,0,0,0,0,1,0,1,30,6197,17,3,6,2023,1,1,22,7,2,0,2,2,22,7,0,0,0,0,0,2,0,2,2,0,0,6,625
559,1,0,0,0,0,0,1,1,1,30,6583,6,0,6,2023,3,1,22,7,2,0,2,2,22,7,0,0,0,0,0,2,0,2,2,0,0,6,688
560,0,0,0,0,0,0,0,0,0,17,120,6,3,6,2023,1,2,17,39,6,3,3,3,17,39,0,0,0,0,0,6,0,6,6,0,0,3,22
561,0,0,0,0,0,0,0,0,0,45,0,13,2,6,2023,0,1,44,2,7,3,4,3,44,2,0,0,0,0,0,7,0,7,7,0,0,7,0
562,0,1,1,0,0,0,1,1,1,38,5624,17,5,7,2023,0,1,3,3,2,0,2,2,3,3,0,0,0,0,0,2,0,2,2,0,0,6,486
563,0,1,0,0,0,0,1,0,1,33,4869,17,5,7,2023,0,1,19,18,2,0,2,2,19,18,0,0,0,0,0,2,0,2,2,0,0,6,401
564,0,0,1,0,0,0,1,0,1,35,4281,17,5,7,2023,0,1,6,15,2,0,2,2,6,15,0,0,0,0,0,2,0,2,2,0,0,6,375
565,0,0,0,0,0,0,0,0,1,38,2056,17,5,7,2023,1,1,9,3,2,0,2,2,9,3,0,0,0,0,0,2,0,2,2,0,0,6,262
566,0,0,0,0,0,0,0,0,1,34,0,8,4,7,2023,1,1,7,12,1,0,1,1,7,12,0,0,0,0,0,1,0,1,1,0,0,5,0
567,0,0,0,0,0,0,0,0,1,13,1019,5,1,7,2023,1,1,42,16,3,1,3,3,42,16,0,0,0,0,0,3,0,3,3,0,0,2,69
568,0,0,0,0,0,0,0,0,1,67,231,7,3,7,2023,0,1,1,1,1,0,1,1,1,1,0,0,0,0,0,1,0,1,1,0,0,9,21
569,0,0,0,0,0,0,0,0,1,35,3189,17,1,8,2023,0,1,14,5,2,0,2,2,14,5,0,0,0,0,0,2,0,2,2,0,0,6,315
570,0,0,0,0,1,1,1,1,1,33,11946,17,1,8,2023,0,1,10,14,2,0,2,2,10,14,0,0,0,0,0,2,0,2,2,0,0,6,808
571,0,0,1,0,0,1,1,0,1,39,9081,17,1,8,2023,0,1,3,12,2,0,2,2,3,12,0,0,0,0,0,2,0,2,2,0,0,6,716
572,0,1,0,1,0,1,0,1,1,33,3666,17,1,8,2023,0,1,2,2,1,0,1,1,2,2,0,0,0,0,0,1,0,1,1,0,0,6,342
573,1,0,1,1,0,1,1,0,1,30,7443,17,1,8,2023,2,1,34,7,2,0,2,2,34,7,0,0,0,0,0,2,0,2,2,0,0,6,673
574,0,0,0,0,0,1,0,0,0,45,90,7,3,8,2023,0,1,1,1,1,1,1,1,1,1,0,0,0,0,0,1,0,1,1,0,0,6,11
575,0,0,0,0,0,0,1,0,0,70,239,23,2,8,2023,8,3,92,3,7,3,2,2,92,3,0,0,0,2,0,5,0,7,5,0,0,11,28
576,0,0,0,0,0,0,0,0,1,35,3007,17,4,9,2023,0,1,5,14,1,0,1,1,5,14,0,0,0,0,0,1,0,1,1,0,0,6,306
577,1,1,1,0,0,1,1,1,1,33,11626,17,4,9,2023,0,1,4,4,2,0,2,2,4,4,0,0,0,0,0,2,0,2,2,0,0,6,806
578,0,0,1,0,0,0,1,1,1,38,6431,17,4,9,2023,0,1,3,3,2,0,2,2,3,3,0,0,0,0,0,2,0,2,2,0,0,6,578
579,0,1,0,0,0,1,1,0,1,33,12094,17,4,9,2023,0,1,2,2,1,0,1,1,2,2,0,0,0,0,0,1,0,1,1,0,0,6,782
580,1,0,0,0,0,0,1,0,1,37,4721,17,4,9,2023,0,1,2,2,1,0,1,1,2,2,0,0,0,0,0,1,0,1,1,0,0,6,532
581,0,0,0,1,0,1,1,0,1,33,12370,17,0,9,2023,0,1,4,4,1,1,1,1,4,4,0,0,0,0,0,1,0,1,1,0,0,6,831
582,0,0,1,0,0,1,1,1,1,52,734,13,5,9,2023,0,1,2,2,1,0,1,1,2,2,0,0,0,0,0,1,0,1,1,0,0,8,67
583,0,0,0,0,0,0,1,0,0,27,287,19,5,9,2023,0,1,3,3,2,0,2,2,3,3,0,0,0,0,0,2,0,2,2,0,0,4,37
584,0,0,0,0,0,0,1,0,0,52,143,14,1,9,2023,1,1,11,9,1,0,1,1,11,9,0,0,0,0,0,1,0,1,1,0,0,6,13
585,0,1,1,0,0,1,1,0,1,33,10606,17,6,10,2023,0,1,2,2,1,0,1,1,2,2,0,0,0,0,0,1,0,1,1,0,0,6,694
586,0,0,0,0,0,0,1,0,1,34,3904,17,6,10,2023,0,1,11,20,1,0,1,1,11,20,0,0,0,0,0,1,0,1,1,0,0,6,339
587,1,1,0,1,0,1,1,0,1,30,6902,17,6,10,2023,0,1,7,7,2,0,2,2,7,7,0,0,0,0,0,2,0,2,2,0,0,6,721
588,1,0,0,0,0,1,0,1,1,33,4837,17,6,10,2023,0,1,2,2,1,0,1,1,2,2,0,0,0,0,0,1,0,1,1,0,0,6,403
589,0,0,1,0,0,0,1,0,1,37,7332,17,6,10,2023,0,1,3,3,2,0,2,2,3,3,0,0,0,0,0,2,0,2,2,0,0,6,523
590,0,0,0,0,0,0,0,0,0,73,15,12,3,10,2023,0,1,7,1,2,2,1,1,7,1,0,0,0,0,0,2,0,2,2,0,0,10,2
591,0,0,0,0,0,0,0,0,0,31,167,5,6,10,2023,5,3,10,0,2,1,2,2,10,0,0,0,0,0,0,2,0,2,2,0,0,5,23
592,0,0,0,0,0,0,0,0,1,11,0,5,2,10,2023,0,2,109,72,4,1,4,4,109,72,0,0,0,0,0,4,0,4,4,0,0,2,0
593,0,0,0,0,0,0,0,0,0,13,0,3,3,10,2023,1,2,171,346,4,0,3,3,171,346,0,0,0,0,0,4,0,4,4,0,0,2,0
594,0,0,0,0,0,0,1,0,0,35,0,5,3,10,2023,0,1,18,10,3,1,3,3,18,10,0,0,0,0,0,3,0,3,3,0,0,5,0
595,0,0,0,0,0,0,0,0,0,33,0,4,5,10,2023,0,1,12,2,1,0,1,1,12,2,0,0,0,0,0,1,0,1,1,0,0,5,0
596,0,0,0,0,0,0,0,0,0,45,162,5,6,10,2023,0,1,26,29,4,2,3,3,26,29,0,0,0,0,0,4,0,4,4,0,0,7,29
597,0,0,0,0,0,1,0,0,0,36,11,8,6,10,2023,4,4,53,4,4,3,2,2,53,4,0,0,0,0,0,4,0,4,4,0,0,7,2
598,0,0,0,0,0,0,0,0,0,62,17,5,0,10,2023,2,1,9,0,2,2,2,2,9,0,0,0,0,0,0,2,0,2,2,0,0,10,2
599,0,0,0,0,0,0,1,0,0,14,58,3,1,10,2023,0,1,4,4,3,3,2,2,4,4,0,0,0,0,0,3,0,3,3,0,0,3,12
600,0,0,0,0,0,0,0,0,0,58,250,8,2,10,2023,2,2,17,32,4,1,3,3,17,32,0,0,0,0,0,4,0,4,4,0,0,4,39
601,0,0,0,0,0,0,1,0,0,21,364,6,3,10,2023,5,3,34,32,5,1,4,4,34,32,0,0,0,0,0,5,0,5,5,0,0,3,59
602,0,0,0,0,1,0,0,0,0,15,0,23,6,10,2023,8,1,316,292,2,1,1,1,316,292,0,0,0,0,0,2,0,2,2,0,0,2,0
603,0,0,0,0,0,0,0,0,1,24,265,11,2,10,2023,0,1,2,2,1,0,1,1,2,2,0,0,0,0,0,1,0,1,1,0,0,4,41
604,0,0,0,0,0,0,1,0,1,28,8160,16,0,10,2023,13,3,138,33,4,2,3,3,138,33,0,0,0,0,0,4,0,4,4,0,0,4,1491
605,0,0,0,0,0,0,1,0,1,46,2580,17,2,11,2023,0,1,16,7,2,0,2,2,16,7,0,0,0,0,0,2,0,2,2,0,0,7,314
606,0,0,0,0,0,1,1,0,1,50,3880,17,2,11,2023,0,1,4,10,2,0,2,2,4,10,0,0,0,0,0,2,0,2,2,0,0,7,347
607,0,1,1,0,0,0,1,0,1,43,8412,17,2,11,2023,0,1,2,13,2,0,2,2,2,13,0,0,0,0,0,2,0,2,2,0,0,7,612
608,0,0,0,0,1,1,1,0,1,42,4364,17,2,11,2023,0,1,9,9,2,0,2,2,9,9,0,0,0,0,0,2,0,2,2,0,0,7,374
609,0,0,0,1,0,0,0,0,0,53,188,17,2,11,2023,1,1,59,17,2,0,2,2,59,17,0,0,0,0,0,2,0,2,2,0,0,9,6
610,0,0,0,0,0,0,1,0,0,53,49,13,5,11,2023,4,1,5,1,2,1,2,2,5,1,0,0,0,0,0,2,0,2,2,0,0,9,3
611,0,0,0,0,0,0,1,0,0,35,9784,19,6,11,2023,30,2,147,52,3,2,1,1,147,52,0,0,0,0,0,3,0,3,3,0,0,5,1878
612,0,0,0,0,1,1,1,0,1,51,4755,17,2,11,2023,0,1,3,3,2,0,2,2,3,3,0,0,0,0,0,2,0,2,2,0,0,7,397
613,0,0,1,0,0,0,0,0,0,34,332,22,6,11,2023,3,1,162,0,5,2,3,3,162,0,0,0,0,1,0,4,0,5,4,0,0,6,62
614,0,0,0,0,0,0,0,0,0,21,82,19,6,11,2023,0,1,8,28,2,0,2,2,8,28,0,0,0,0,0,2,0,2,2,0,0,4,14
615,0,0,0,0,0,0,0,0,0,37,97,21,2,11,2023,3,1,13,21,2,1,2,2,13,21,0,0,0,0,0,2,0,2,2,0,0,6,6
616,0,0,1,1,0,1,1,1,1,47,7698,17,4,12,2023,0,1,3,3,2,0,2,2,3,3,0,0,0,0,0,2,0,2,2,0,0,7,553
617,1,0,0,0,0,0,1,0,1,46,14422,17,4,12,2023,0,1,2,2,1,0,1,1,2,2,0,0,0,0,0,1,0,1,1,0,0,7,923
618,0,1,1,0,0,0,1,0,1,43,5535,17,4,12,2023,0,1,5,5,2,0,2,2,5,5,0,0,0,0,0,2,0,2,2,0,0,7,487
619,0,0,1,0,0,0,1,0,1,48,3531,17,4,12,2023,0,1,3,3,2,0,2,2,3,3,0,0,0,0,0,2,0,2,2,0,0,7,338
620,0,0,0,0,0,1,1,0,1,45,68,8,2,12,2023,9,3,54,9,5,3,4,3,54,9,0,0,0,0,0,5,0,5,5,0,0,8,12
621,0,0,0,1,0,0,1,0,0,29,1455,19,2,12,2023,2,1,6,2,1,1,1,1,6,2,0,0,0,0,0,1,0,1,1,0,0,5,230
622,1,0,1,0,0,1,1,0,1,29,2571,9,1,12,2023,0,3,52,54,6,2,4,4,52,54,0,0,0,0,0,6,0,6,6,0,0,5,393
623,0,0,0,0,0,0,1,0,0,32,0,19,1,12,2023,0,1,1,1,1,0,1,1,1,1,0,0,0,0,0,1,0,1,1,0,0,5,0
624,0,0,0,0,0,0,1,0,0,48,12,8,5,12,2023,0,1,9,14,3,1,2,2,9,14,0,0,0,0,0,3,0,3,3,0,0,6,2
625,0,0,0,0,0,0,0,0,0,22,0,23,2,12,2023,0,1,5,2,1,0,1,1,5,2,0,0,0,0,0,1,0,1,1,0,0,4,0
626,0,0,0,0,0,0,1,0,0,20,40,19,2,12,2023,0,1,1,1,1,0,1,1,1,1,0,0,0,0,0,1,0,1,1,0,0,4,7
627,0,0,0,0,0,0,1,0,0,22,99,20,5,12,2023,2,4,8,7,4,2,3,3,8,7,0,0,0,0,0,4,0,4,4,0,0,4,11
628,0,0,0,0,0,0,1,0,1,51,5331,17,0,1,2024,0,1,3,3,2,0,2,2,3,3,0,0,0,0,0,2,0,2,2,0,0,7,468
629,0,0,0,0,0,1,1,0,1,46,14343,17,0,1,2024,0,1,2,2,1,0,1,1,2,2,0,0,0,0,0,1,0,1,1,0,0,7,901
630,0,0,0,0,0,0,0,0,1,46,2908,17,0,1,2024,0,1,12,12,2,0,2,2,12,12,0,0,0,0,0,2,0,2,2,0,0,7,315
631,0,0,0,0,0,0,0,0,1,48,3112,17,0,1,2024,0,1,92,35,1,0,1,1,92,35,0,0,0,0,0,1,0,1,1,0,0,7,315
632,0,0,0,0,0,1,0,0,1,56,4766,17,0,1,2024,0,1,5,5,2,0,2,2,5,5,0,0,0,0,0,2,0,2,2,0,0,7,409
633,0,0,0,0,0,0,1,0,0,42,448,14,3,1,2024,2,1,90,9,3,2,1,1,90,9,0,0,0,0,0,3,0,3,3,0,0,9,55
634,0,0,0,0,0,0,1,0,1,19,12,9,0,1,2024,0,1,8,8,2,0,2,2,8,8,0,0,0,0,0,2,0,2,2,0,0,3,2
635,0,0,0,0,0,0,0,0,0,37,155,14,0,1,2024,1,1,1,0,1,1,1,1,1,0,0,0,0,0,0,1,0,1,1,0,0,3,14
636,1,1,1,0,0,0,1,0,1,45,4732,17,3,2,2024,0,1,5,5,2,0,2,2,5,5,0,0,0,0,0,2,0,2,2,0,0,7,401
637,0,0,0,0,0,0,0,0,0,34,78,14,5,1,2024,1,1,1,1,1,0,1,0,1,1,0,0,0,0,0,1,0,1,1,0,0,5,14
638,0,0,0,0,0,0,0,0,1,57,3821,17,3,2,2024,0,1,3,4,2,0,2,2,3,4,0,0,0,0,0,2,0,2,2,0,0,7,349
639,0,0,0,0,0,0,0,0,1,52,4675,17,3,2,2024,0,1,12,3,2,0,2,2,12,3,0,0,0,0,0,2,0,2,2,0,0,7,397
640,0,0,0,1,0,0,1,1,1,46,3872,17,3,2,2024,0,1,3,3,2,0,2,2,3,3,0,0,0,0,0,2,0,2,2,0,0,7,344
641,0,0,0,0,0,0,0,0,0,68,179,20,6,2,2024,2,3,21,5,1,0,1,1,21,5,0,0,0,0,0,1,0,1,1,0,0,9,31
642,0,0,1,1,0,1,1,0,1,51,5212,17,3,2,2024,0,1,3,3,2,0,2,2,3,3,0,0,0,0,0,2,0,2,2,0,0,7,449
643,0,0,0,0,0,0,0,0,0,31,6,10,0,2,2024,0,2,44,5,3,2,3,3,44,5,0,0,0,0,0,3,0,3,3,0,0,6,1
644,0,0,0,1,0,1,1,0,1,46,13241,17,4,3,2024,0,1,2,2,1,0,1,1,2,2,0,0,0,0,0,1,0,1,1,0,0,7,853
645,0,0,1,1,0,0,0,0,1,46,4659,17,4,3,2024,3,1,4,4,2,0,2,2,4,4,0,0,0,0,0,2,0,2,2,0,0,7,396
646,0,0,0,0,0,0,1,0,1,47,4781,17,4,3,2024,0,1,7,8,2,0,2,2,7,8,0,0,0,0,0,2,0,2,2,0,0,7,431
647,0,1,1,1,0,1,1,1,1,46,10529,17,4,3,2024,0,1,4,4,2,0,2,2,4,4,0,0,0,0,0,2,0,2,2,0,0,7,811
648,0,0,0,0,0,0,0,0,0,24,56,20,4,3,2024,0,1,6,6,4,2,1,1,6,6,0,0,0,0,0,4,0,4,4,0,0,4,9
649,1,0,0,0,0,1,1,1,1,57,4895,17,0,3,2024,0,1,1,1,1,1,1,1,1,1,0,0,0,0,0,1,0,1,1,0,0,7,393
650,0,1,1,1,0,1,1,1,1,51,7520,17,4,3,2024,4,1,3,3,2,0,2,2,3,3,0,0,0,0,0,2,0,2,2,0,0,7,699
651,0,0,0,0,0,0,0,0,0,51,120,20,0,3,2024,3,1,3,5,1,1,1,1,3,5,0,0,0,0,0,1,0,1,1,0,0,10,14
652,0,0,0,0,1,0,0,0,0,57,0,7,2,3,2024,0,1,1,1,1,1,1,1,1,1,0,0,0,0,0,1,0,1,1,0,0,8,0
653,0,0,0,0,0,1,1,0,0,42,12,5,3,3,2024,1,1,13,1,2,2,2,2,13,1,0,0,0,0,0,2,0,2,2,0,0,8,2
654,0,0,0,0,0,0,0,0,0,33,527,6,1,3,2024,19,0,0,0,0,0,0,0,0,0,0,0,0,0,0,0,0,0,0,0,0,3,77
655,1,0,0,0,0,0,1,0,0,20,134,5,3,3,2024,1,3,19,1,3,2,2,2,19,1,0,0,0,0,0,3,0,3,3,0,0,2,14
656,0,0,0,0,0,0,1,0,1,50,3045,17,0,4,2024,0,1,3,3,2,0,2,2,3,3,0,0,0,0,0,2,0,2,2,0,0,7,311
657,0,0,0,0,0,0,1,0,1,57,3593,17,0,4,2024,0,1,3,3,2,0,2,2,3,3,0,0,0,0,0,2,0,2,2,0,0,7,341
658,0,0,0,0,0,0,1,0,1,21,536,3,4,4,2024,0,1,164,208,3,0,3,3,164,208,0,0,0,0,0,3,0,3,3,0,0,4,75
659,0,0,0,0,0,1,1,0,1,48,4088,17,0,4,2024,0,1,5,14,2,0,2,2,5,14,0,0,0,0,0,2,0,2,2,0,0,7,373
660,0,0,0,0,0,0,0,0,0,65,65,2,0,4,2024,0,1,3,3,2,2,1,1,3,3,0,0,0,0,0,2,0,2,2,0,0,5,5
661,0,0,0,0,0,0,1,0,0,24,0,4,6,4,2024,0,1,2,5,1,1,1,1,2,5,0,0,0,0,0,1,0,1,1,0,0,3,0
662,0,0,0,0,0,0,0,0,0,39,0,21,6,4,2024,0,1,1,1,1,1,1,1,1,1,0,0,0,0,0,1,0,1,1,0,0,5,0
663,0,0,0,0,0,0,1,0,0,35,31,6,6,4,2024,2,1,40,13,6,3,3,3,40,13,0,0,0,0,0,6,0,6,6,0,0,6,5
664,0,0,0,0,1,1,1,0,1,43,8414,17,2,5,2024,0,1,2,13,2,0,2,2,2,13,0,0,0,0,0,2,0,2,2,0,0,7,648
665,0,0,0,0,0,0,1,0,0,39,13,19,4,5,2024,7,1,5,1,1,1,1,1,5,1,0,0,0,0,0,1,0,1,1,0,0,7,2
666,0,0,0,0,0,1,1,0,1,46,9460,17,2,5,2024,0,1,2,2,1,0,1,1,2,2,0,0,0,0,0,1,0,1,1,0,0,7,642
667,0,0,0,1,0,0,0,0,0,69,322,6,3,5,2024,14,11,153,29,7,2,2,2,153,29,0,0,0,0,0,7,0,7,7,0,0,10,63
668,0,0,1,1,1,1,1,1,1,46,7136,17,2,5,2024,0,1,3,3,2,0,2,2,3,3,0,0,0,0,0,2,0,2,2,0,0,7,575
669,0,0,0,0,0,0,0,0,0,14,0,6,6,5,2024,5,3,106,71,6,2,5,5,106,71,0,0,0,1,0,5,0,6,5,0,0,2,0
670,0,0,0,0,0,0,1,0,0,18,252,15,0,5,2024,4,1,7,5,2,1,2,2,7,5,0,0,0,1,0,1,0,2,1,0,0,4,28
671,0,0,0,0,0,0,1,0,0,38,12,6,1,5,2024,0,1,1,0,1,1,1,1,1,0,0,0,0,0,0,1,0,1,1,0,0,8,2
672,0,0,0,0,0,0,0,0,0,25,0,6,1,5,2024,0,1,13,0,1,0,1,1,13,0,0,0,0,0,0,1,0,1,1,0,0,4,0
673,0,0,0,0,0,0,0,0,0,30,0,6,2,5,2024,0,1,1,0,1,0,1,1,1,0,0,0,0,0,0,1,0,1,1,0,0,6,0
674,0,0,0,0,0,0,0,0,0,26,0,5,2,5,2024,0,1,6,6,3,0,3,3,6,6,0,0,0,0,0,3,0,3,3,0,0,4,0
675,0,0,0,1,0,1,1,1,1,46,5363,17,5,6,2024,0,1,2,2,1,0,1,1,2,2,0,0,0,0,0,1,0,1,1,0,0,7,474
676,0,0,0,0,0,0,1,0,1,57,4557,17,5,6,2024,0,1,3,3,2,0,2,2,3,3,0,0,0,0,0,2,0,2,2,0,0,7,370
677,0,0,0,0,0,0,1,0,1,46,7494,17,5,6,2024,0,1,2,2,1,0,1,1,2,2,0,0,0,0,0,1,0,1,1,0,0,7,527
678,0,0,0,0,0,0,0,0,0,14,160,23,4,6,2024,4,3,1,0,1,0,1,1,1,0,0,0,0,0,0,1,0,1,1,0,0,3,28
679,0,0,0,0,0,1,1,1,1,43,8048,17,5,6,2024,0,1,23,5,2,0,2,2,23,5,0,0,0,0,0,2,0,2,2,0,0,7,593
680,0,0,0,0,0,0,1,0,0,27,26,21,5,6,2024,13,5,215,34,12,5,5,4,215,34,0,0,0,1,0,11,0,12,11,0,0,5,4
681,0,0,0,0,0,0,0,0,0,16,203,13,2,6,2024,0,1,7,0,1,0,1,1,7,0,0,0,0,0,0,1,0,1,1,0,0,3,39
682,1,0,0,0,0,0,1,0,1,45,4372,17,0,7,2024,0,1,3,3,2,0,2,2,3,3,0,0,0,0,0,2,0,2,2,0,0,7,379
683,0,0,1,0,0,1,0,0,1,48,3963,17,0,7,2024,0,1,3,3,2,0,2,2,3,3,0,0,0,0,0,2,0,2,2,0,0,7,364
684,0,0,0,0,0,1,1,0,1,21,323,5,4,6,2024,0,2,14,11,1,1,1,1,14,11,0,0,0,0,0,1,0,1,1,0,0,3,51
685,0,0,0,0,1,1,1,1,1,42,5218,17,0,7,2024,0,1,7,7,2,0,2,2,7,7,0,0,0,0,0,2,0,2,2,0,0,7,446
686,0,0,0,0,1,1,1,1,1,51,5618,17,0,7,2024,0,1,3,3,2,0,2,2,3,3,0,0,0,0,0,2,0,2,2,0,0,7,471
687,1,0,0,0,0,0,1,0,1,50,3838,17,0,7,2024,0,1,2,2,1,0,1,1,2,2,0,0,0,0,0,1,0,1,1,0,0,7,346
688,0,0,0,1,0,0,0,0,0,16,0,6,2,7,2024,3,3,139,107,2,2,2,2,139,107,0,0,0,1,0,1,0,2,1,0,0,2,0
689,0,0,0,0,0,0,1,0,0,36,12,6,2,7,2024,0,1,4,0,1,0,1,1,4,0,0,0,0,0,0,1,0,1,1,0,0,6,2
690,0,0,1,0,0,0,0,0,1,51,2565,17,3,8,2024,0,1,2,2,1,0,1,1,2,2,0,0,0,0,0,1,0,1,1,0,0,7,294
691,0,0,0,0,0,0,0,0,1,52,3697,17,3,8,2024,0,1,3,3,1,0,1,1,3,3,0,0,0,0,0,1,0,1,1,0,0,7,340
692,0,0,0,0,0,0,1,0,1,51,4514,17,3,8,2024,0,1,3,3,2,0,2,2,3,3,0,0,0,0,0,2,0,2,2,0,0,7,383
693,0,0,0,0,0,1,1,0,0,28,725,13,0,7,2024,1,2,5,4,2,1,1,1,5,4,0,0,0,0,0,2,0,2,2,0,0,6,111
694,0,0,0,1,0,1,1,1,1,43,5712,17,3,8,2024,0,1,7,7,2,0,2,2,7,7,0,0,0,0,0,2,0,2,2,0,0,7,525
695,0,0,0,0,1,0,1,0,0,42,230,6,1,8,2024,0,1,312,111,8,1,3,3,312,111,0,0,0,1,0,7,0,8,7,0,0,7,40
696,0,1,0,1,0,1,0,0,0,69,137,11,0,8,2024,0,1,1,1,1,0,1,1,1,1,0,0,0,0,0,1,0,1,1,0,0,10,24
697,0,0,0,0,0,0,0,0,0,26,0,4,0,8,2024,1,2,164,145,4,0,3,3,164,145,0,0,0,0,0,4,0,4,4,0,0,4,0
698,0,0,0,0,0,0,1,0,0,33,11,12,4,8,2024,2,1,17,1,1,1,1,1,17,1,0,0,0,0,0,1,0,1,1,0,0,5,2
699,0,0,0,0,0,0,1,0,1,48,2626,17,6,9,2024,0,1,2,2,1,0,1,1,2,2,0,0,0,0,0,1,0,1,1,0,0,7,298
700,0,0,0,0,0,0,1,0,0,49,12,4,0,9,2024,0,1,18,0,3,2,2,2,18,0,0,0,0,0,0,3,0,3,3,0,0,7,2
701,0,0,0,0,0,0,1,0,1,53,4021,17,6,9,2024,0,1,3,3,2,0,2,2,3,3,0,0,0,0,0,2,0,2,2,0,0,7,348
702,0,0,0,0,0,0,0,0,0,45,629,7,4,9,2024,0,1,9,0,1,0,1,1,9,0,0,0,0,0,0,1,0,1,1,0,0,7,84
703,0,0,0,0,0,0,0,0,0,31,637,18,4,8,2024,2,5,23,9,2,2,1,1,23,9,0,0,0,0,0,2,0,2,2,0,0,5,108
704,0,0,0,0,0,0,1,0,0,24,0,7,0,9,2024,0,1,1,1,1,1,1,1,1,1,0,0,0,0,0,1,0,1,1,0,0,5,0
705,0,0,0,0,0,0,1,0,1,53,4038,17,1,10,2024,0,1,3,3,2,0,2,2,3,3,0,0,0,0,0,2,0,2,2,0,0,7,348
706,0,0,0,0,0,1,1,1,1,46,10861,17,1,10,2024,0,1,2,2,1,0,1,1,2,2,0,0,0,0,0,1,0,1,1,0,0,7,717
707,0,0,0,1,0,0,1,1,1,47,3915,17,1,10,2024,0,1,2,2,1,0,1,1,2,2,0,0,0,0,0,1,0,1,1,0,0,7,354
708,0,0,0,0,0,0,0,0,1,46,2176,17,1,10,2024,0,1,5,5,2,0,2,2,5,5,0,0,0,0,0,2,0,2,2,0,0,7,280
709,0,1,1,1,0,1,1,1,1,46,4689,17,1,10,2024,0,1,2,2,1,0,1,1,2,2,0,0,0,0,0,1,0,1,1,0,0,7,404
710,0,0,0,0,0,0,0,0,0,49,0,16,6,10,2024,0,2,30,42,9,5,1,1,30,42,0,0,0,0,0,9,0,9,9,0,0,6,0
711,0,0,0,0,0,0,0,0,1,50,2178,17,4,11,2024,1,1,2,2,1,0,1,1,2,2,0,0,0,0,0,1,0,1,1,0,0,7,280
712,0,0,0,0,0,0,1,0,1,48,3372,17,4,11,2024,0,1,3,3,2,0,2,2,3,3,0,0,0,0,0,2,0,2,2,0,0,7,326
713,0,0,1,1,0,0,1,1,1,44,5494,17,4,11,2024,0,1,10,10,2,0,2,2,10,10,0,0,0,0,0,2,0,2,2,0,0,7,457
714,0,1,0,0,0,1,1,0,1,48,3770,17,4,11,2024,0,1,9,9,2,0,2,2,9,9,0,0,0,0,0,2,0,2,2,0,0,7,359
715,1,0,1,0,0,0,1,0,1,45,5217,17,4,11,2024,0,1,7,7,2,0,2,2,7,7,0,0,0,0,0,2,0,2,2,0,0,7,447
716,0,0,0,0,0,0,0,0,0,33,60,9,4,11,2024,1,1,25,4,4,2,2,2,25,4,0,0,0,0,0,4,0,4,4,0,0,6,10
717,0,0,0,0,0,0,0,0,0,18,62,19,5,11,2024,3,1,21,0,1,0,1,1,21,0,0,0,0,1,0,0,0,1,0,0,0,2,8
718,0,0,1,0,0,0,1,0,1,48,3961,17,6,12,2024,0,1,5,5,2,0,2,2,5,5,0,0,0,0,0,2,0,2,2,0,0,7,360
719,0,0,0,0,0,1,1,0,1,46,12238,17,6,12,2024,0,1,2,2,1,0,1,1,2,2,0,0,0,0,0,1,0,1,1,0,0,7,842
720,0,0,0,0,1,1,1,1,1,53,3963,17,6,12,2024,0,1,3,3,2,0,2,2,3,3,0,0,0,0,0,2,0,2,2,0,0,7,355
721,0,1,0,1,0,1,0,1,1,46,4721,17,6,12,2024,0,1,2,2,1,0,1,1,2,2,0,0,0,0,0,1,0,1,1,0,0,7,411
722,0,0,0,0,1,1,1,1,1,44,4663,17,6,12,2024,0,1,5,5,2,0,2,2,5,5,0,0,0,0,0,2,0,2,2,0,0,7,402
723,0,1,0,0,0,0,0,0,0,35,89,16,0,12,2024,0,2,1,0,1,0,1,1,1,0,0,0,0,0,0,1,0,1,1,0,0,5,2
724,0,0,0,0,0,1,0,0,1,34,91,12,3,12,2024,3,1,24,1,4,1,1,1,24,1,0,0,0,0,0,4,0,4,4,0,0,3,19
725,1,0,0,0,0,1,1,0,1,46,10933,17,2,1,2025,0,1,2,2,1,0,1,1,2,2,0,0,0,0,0,1,0,1,1,0,0,7,780
726,0,1,0,1,0,0,1,1,1,46,4741,17,2,1,2025,0,1,2,2,1,0,1,1,2,2,0,0,0,0,0,1,0,1,1,0,0,7,388
727,0,1,1,1,0,0,1,0,1,46,8313,17,2,1,2025,0,1,3,3,2,0,2,2,3,3,0,0,0,0,0,2,0,2,2,0,0,7,565
728,1,0,0,0,0,1,1,0,1,57,5323,17,2,1,2025,1,1,3,3,2,0,2,2,3,3,0,0,0,0,0,2,0,2,2,0,0,7,416
729,1,0,0,0,0,1,1,0,1,44,5005,17,2,1,2025,0,1,7,7,2,0,2,2,7,7,0,0,0,0,0,2,0,2,2,0,0,7,454
730,0,0,0,0,0,0,1,0,0,66,829,3,2,1,2025,0,1,32,0,1,1,1,1,32,0,0,0,0,1,0,0,0,1,0,0,0,10,107
731,0,0,0,0,0,0,0,0,0,44,10,8,1,1,2025,0,2,7,2,3,1,2,2,7,2,0,0,0,0,0,3,0,3,3,0,0,5,2
732,0,0,0,0,0,0,1,0,1,53,4319,17,5,2,2025,0,1,3,3,2,0,2,2,3,3,0,0,0,0,0,2,0,2,2,0,0,7,397
733,0,1,1,1,0,0,1,0,1,48,5685,17,5,2,2025,0,1,34,3,2,0,2,2,34,3,0,0,0,0,0,2,0,2,2,0,0,7,469
734,0,1,1,0,1,0,1,1,1,44,5628,17,5,2,2025,0,1,7,7,2,0,2,2,7,7,0,0,0,0,0,2,0,2,2,0,0,7,492
735,0,0,0,0,0,0,0,0,0,33,46,8,6,2,2025,0,1,1,1,1,1,1,1,1,1,0,0,0,0,0,1,0,1,1,0,0,6,6
736,0,0,0,0,0,0,0,0,0,34,17,7,3,2,2025,2,1,8,0,1,1,1,1,8,0,0,0,0,0,0,1,0,1,1,0,0,5,2
737,0,0,0,1,0,0,0,0,1,46,5216,17,5,3,2025,0,1,16,82,2,0,2,2,16,82,0,0,0,0,0,2,0,2,2,0,0,7,415
738,0,1,0,1,0,1,0,0,1,46,4186,17,5,3,2025,0,1,2,2,1,0,1,1,2,2,0,0,0,0,0,1,0,1,1,0,0,7,364
739,0,0,0,0,0,1,1,0,1,46,11105,17,5,3,2025,0,1,2,2,1,0,1,1,2,2,0,0,0,0,0,1,0,1,1,0,0,7,782
740,0,1,1,0,0,1,1,0,1,44,6186,17,5,3,2025,0,1,7,7,2,0,2,2,7,7,0,0,0,0,0,2,0,2,2,0,0,7,519
741,0,0,0,0,0,0,0,0,1,47,3893,17,5,3,2025,0,1,2,2,1,0,1,1,2,2,0,0,0,0,0,1,0,1,1,0,0,7,346
742,0,0,0,0,0,0,0,0,0,57,385,9,2,3,2025,9,3,89,190,5,2,4,4,89,190,0,0,0,0,0,5,0,5,5,0,0,7,41
743,0,0,0,1,0,0,0,0,0,64,0,6,2,3,2025,3,4,117,97,3,2,2,2,117,97,0,0,0,0,0,3,0,3,3,0,0,11,0
744,0,0,0,0,0,0,1,0,0,26,51,17,0,3,2025,0,1,1,1,1,0,1,1,1,1,0,0,0,0,0,1,0,1,1,0,0,5,7
745,1,1,1,0,0,1,1,0,1,48,6519,17,1,4,2025,0,1,28,10,2,0,2,2,28,10,0,0,0,0,0,2,0,2,2,0,0,7,611
746,0,0,0,0,0,0,1,0,1,42,4289,17,1,4,2025,0,1,9,9,2,0,2,2,9,9,0,0,0,0,0,2,0,2,2,0,0,7,375
747,0,1,1,0,0,0,1,1,1,44,6330,17,1,4,2025,0,1,7,7,2,0,2,2,7,7,0,0,0,0,0,2,0,2,2,0,0,7,569
748,0,1,0,1,0,0,0,0,1,46,2917,17,1,4,2025,0,1,2,2,1,0,1,1,2,2,0,0,0,0,0,1,0,1,1,0,0,7,315
749,0,0,0,0,1,1,1,0,1,53,4042,17,1,4,2025,0,1,3,3,2,0,2,2,3,3,0,0,0,0,0,2,0,2,2,0,0,7,348
750,0,0,0,0,0,0,1,0,0,48,700,9,2,4,2025,0,1,2,2,1,1,1,1,2,2,0,0,0,0,0,1,0,1,1,0,0,6,98
751,0,0,0,0,0,0,1,0,0,33,28,14,3,4,2025,0,2,3,3,2,2,2,2,3,3,0,0,0,0,0,2,0,2,2,0,0,5,5
752,0,0,0,0,0,0,1,0,1,34,86,13,1,4,2025,0,1,96,108,2,0,2,2,96,108,0,0,0,0,0,2,0,2,2,0,0,4,7
753,0,0,0,0,0,0,0,0,1,32,239,12,3,4,2025,2,1,3,3,2,0,2,2,3,3,0,0,0,0,0,2,0,2,2,0,0,6,31
754,0,0,0,0,0,1,0,0,0,26,290,21,1,4,2025,3,1,1,0,1,1,1,1,1,0,0,0,0,0,0,1,0,1,1,0,0,5,48
755,0,0,0,0,0,1,0,0,0,43,2120,6,6,5,2025,1,1,33,0,1,0,1,1,33,0,0,0,0,1,0,0,0,1,0,0,0,5,278
756,0,0,0,1,0,1,0,0,1,43,8392,17,3,5,2025,5,1,19,7,2,0,2,2,19,7,0,0,0,0,0,2,0,2,2,0,0,7,616
757,0,0,0,0,0,0,0,0,0,10,0,7,2,4,2025,2,4,15,3,2,1,2,2,15,3,0,0,0,0,0,2,0,2,2,0,0,2,0
758,0,0,0,0,0,0,0,0,1,65,1055,21,2,5,2025,0,2,29,29,3,1,3,3,29,29,0,0,0,0,0,3,0,3,3,0,0,10,112
759,0,0,0,0,0,0,0,0,0,37,389,19,1,5,2025,0,2,140,28,5,1,2,2,140,28,0,0,0,0,0,5,0,5,5,0,0,4,62
760,0,0,0,0,0,1,1,0,0,60,504,16,3,5,2025,0,2,73,17,2,2,1,1,73,17,0,0,0,0,0,2,0,2,2,0,0,9,71
761,0,0,0,0,0,0,1,0,1,53,3913,17,6,6,2025,0,1,3,3,2,0,2,2,3,3,0,0,0,0,0,2,0,2,2,0,0,7,336
762,0,1,1,1,0,0,1,0,1,48,7004,17,6,6,2025,0,1,3,3,2,0,2,2,3,3,0,0,0,0,0,2,0,2,2,0,0,7,598
763,0,0,0,1,0,0,1,0,1,43,7682,17,6,6,2025,1,1,14,2,2,0,2,2,14,2,0,0,0,0,0,2,0,2,2,0,0,7,580
764,1,0,1,1,0,1,1,1,1,44,6668,17,6,6,2025,0,1,5,5,2,0,2,2,5,5,0,0,0,0,0,2,0,2,2,0,0,7,670
765,0,0,0,0,0,0,1,0,1,44,5260,17,6,6,2025,0,1,5,5,2,0,2,2,5,5,0,0,0,0,0,2,0,2,2,0,0,7,481
766,0,0,0,0,0,0,0,0,1,30,50,21,6,6,2025,1,2,148,89,2,0,2,2,148,89,0,0,0,0,0,2,0,2,2,0,0,4,2
767,1,0,0,0,0,1,0,0,1,27,302,7,6,6,2025,0,1,1,1,1,0,1,1,1,1,0,0,0,0,0,1,0,1,1,0,0,5,43
768,0,0,0,0,0,1,1,0,0,49,94,3,5,6,2025,4,4,12,7,3,2,2,2,12,7,0,0,0,0,0,3,0,3,3,0,0,7,17
769,0,0,0,0,0,0,1,0,0,46,0,18,1,6,2025,1,1,41,41,8,4,1,1,41,41,0,0,0,0,0,8,0,8,8,0,0,6,0
770,0,0,0,1,0,1,0,0,0,43,832,17,6,6,2025,2,2,1382,1357,9,2,1,1,1382,1357,0,0,0,7,0,2,0,9,2,0,0,6,141
771,0,0,0,0,0,1,0,0,1,53,4041,17,1,7,2025,0,1,3,3,2,0,2,2,3,3,0,0,0,0,0,2,0,2,2,0,0,7,353
772,0,0,1,0,0,0,1,0,1,44,3290,17,1,7,2025,0,1,7,7,2,0,2,2,7,7,0,0,0,0,0,2,0,2,2,0,0,7,330
773,0,0,0,0,0,1,1,0,1,44,6193,17,1,7,2025,0,1,11,16,2,0,2,2,11,16,0,0,0,0,0,2,0,2,2,0,0,7,471
774,0,0,0,0,0,0,0,0,1,43,3474,17,1,7,2025,0,1,16,4,2,0,2,2,16,4,0,0,0,0,0,2,0,2,2,0,0,7,338
775,0,0,0,0,0,1,0,0,0,46,730,1,3,7,2025,0,5,99,0,6,3,1,1,99,0,0,0,0,0,0,6,0,6,6,0,0,5,85
776,0,0,0,0,0,1,1,0,1,46,13771,17,1,7,2025,2,1,2,2,1,0,1,1,2,2,0,0,0,0,0,1,0,1,1,0,0,7,940
777,0,0,0,0,0,0,0,0,0,46,657,11,3,7,2025,2,6,103,0,6,3,1,1,103,0,0,0,0,0,0,6,0,6,6,0,0,5,71
778,0,0,0,0,0,0,1,0,0,39,52,6,6,7,2025,0,1,0,12,1,0,1,1,0,12,0,0,0,0,0,1,0,1,1,0,0,6,12
779,0,0,0,0,0,1,1,0,1,53,4206,17,4,8,2025,0,1,3,3,2,0,2,2,3,3,0,0,0,0,0,2,0,2,2,0,0,7,361
780,0,0,0,0,0,1,1,0,1,43,4229,17,4,8,2025,1,1,4,4,2,0,2,2,4,4,0,0,0,0,0,2,0,2,2,0,0,7,371
781,0,0,1,0,0,0,1,0,1,44,4831,17,4,8,2025,0,1,7,7,2,0,2,2,7,7,0,0,0,0,0,2,0,2,2,0,0,7,414
782,0,0,0,0,0,0,1,0,0,43,1685,21,1,8,2025,0,1,2,3,1,1,1,1,2,3,0,0,0,0,0,1,0,1,1,0,0,7,209
783,0,0,0,0,0,0,1,0,0,55,0,1,1,8,2025,0,1,2,2,1,1,1,1,2,2,0,0,0,0,0,1,0,1,1,0,0,8,0
784,0,1,0,0,0,1,0,0,1,46,14676,0,1,8,2025,1,1,5,5,1,1,1,1,5,5,0,0,0,0,0,1,0,1,1,0,0,7,962
785,0,0,0,0,0,1,0,0,1,9,320,7,1,8,2025,0,1,8,9,1,1,1,1,8,9,0,0,0,0,0,1,0,1,1,0,0,2,27
786,0,1,0,0,0,1,0,0,0,38,377,5,4,8,2025,0,1,6,0,1,0,1,1,6,0,0,0,0,0,0,1,0,1,1,0,0,6,61
787,0,0,0,0,0,0,0,0,0,13,0,7,1,8,2025,0,1,12,3,3,0,3,3,12,3,0,0,0,0,0,3,0,3,3,0,0,2,0
788,0,0,0,0,0,1,0,0,0,29,0,17,1,8,2025,0,1,3,0,1,0,1,1,3,0,0,0,0,0,0,1,0,1,1,0,0,8,0
789,0,0,0,0,0,0,0,0,0,50,401,14,2,8,2025,0,2,1,7,1,1,1,1,1,7,0,0,0,0,0,1,0,1,1,0,0,8,52
790,0,0,0,0,0,0,0,0,0,34,0,8,1,8,2025,0,1,14,1,1,0,1,1,14,1,0,0,0,0,0,1,0,1,1,0,0,6,0
791,0,1,0,0,0,0,1,0,0,58,12,8,1,8,2025,0,1,10,0,1,0,1,1,10,0,0,0,0,0,0,1,0,1,1,0,0,9,2
792,0,0,1,0,0,1,1,0,1,44,5876,8,1,9,2025,0,1,7,7,2,0,2,2,7,7,0,0,0,0,0,2,0,2,2,0,0,7,501
793,0,0,0,0,0,0,1,0,1,50,4272,9,1,9,2025,0,1,2,2,1,0,1,1,2,2,0,0,0,0,0,1,0,1,1,0,0,7,397
794,1,1,1,1,0,0,1,0,1,45,5631,9,1,9,2025,0,1,3,3,2,0,2,2,3,3,0,0,0,0,0,2,0,2,2,0,0,7,434
795,0,0,0,0,0,1,1,0,1,53,3947,6,2,9,2025,0,1,3,3,2,0,2,2,3,3,0,0,0,0,0,2,0,2,2,0,0,7,344
796,0,0,0,0,0,1,1,0,1,48,4017,10,1,9,2025,0,1,4,4,2,0,2,2,4,4,0,0,0,0,0,2,0,2,2,0,0,7,362
797,0,0,1,0,0,1,0,0,1,46,4354,9,2,9,2025,0,1,2,2,1,0,1,1,2,2,0,0,0,0,0,1,0,1,1,0,0,7,391
798,0,1,0,0,0,1,1,0,1,46,15930,10,2,9,2025,0,1,2,2,1,0,1,1,2,2,0,0,0,0,0,1,0,1,1,0,0,7,1045
799,0,0,0,0,0,0,0,0,0,24,91,10,4,9,2025,0,1,0,23,3,0,3,3,0,23,0,0,0,0,1,2,0,3,2,0,0,3,12
